Id,Category
0,BookRestaurant
1,AddToPlaylist
2,PlayMusic
3,PlayMusic
4,AddToPlaylist
5,GetWeather
6,PlayMusic
7,GetWeather
8,RateBook
9,AddToPlaylist
10,SearchScreeningEvent
11,BookRestaurant
12,BookRestaurant
13,SearchCreativeWork
14,AddToPlaylist
15,SearchScreeningEvent
16,RateBook
17,GetWeather
18,SearchCreativeWork
19,SearchCreativeWork
20,BookRestaurant
21,SearchCreativeWork
22,RateBook
23,AddToPlaylist
24,SearchCreativeWork
25,GetWeather
26,GetWeather
27,RateBook
28,AddToPlaylist
29,SearchCreativeWork
30,GetWeather
31,AddToPlaylist
32,RateBook
33,PlayMusic
34,SearchScreeningEvent
35,SearchCreativeWork
36,BookRestaurant
37,BookRestaurant
38,GetWeather
39,SearchScreeningEvent
40,PlayMusic
41,PlayMusic
42,SearchScreeningEvent
43,AddToPlaylist
44,GetWeather
45,GetWeather
46,PlayMusic
47,BookRestaurant
48,BookRestaurant
49,BookRestaurant
50,SearchScreeningEvent
51,RateBook
52,GetWeather
53,SearchScreeningEvent
54,BookRestaurant
55,AddToPlaylist
56,SearchScreeningEvent
57,BookRestaurant
58,RateBook
59,BookRestaurant
60,GetWeather
61,BookRestaurant
62,SearchScreeningEvent
63,SearchScreeningEvent
64,BookRestaurant
65,SearchScreeningEvent
66,SearchScreeningEvent
67,SearchCreativeWork
68,SearchScreeningEvent
69,PlayMusic
70,SearchScreeningEvent
71,AddToPlaylist
72,SearchCreativeWork
73,RateBook
74,AddToPlaylist
75,SearchCreativeWork
76,GetWeather
77,SearchScreeningEvent
78,SearchCreativeWork
79,PlayMusic
80,AddToPlaylist
81,SearchScreeningEvent
82,PlayMusic
83,GetWeather
84,SearchScreeningEvent
85,SearchCreativeWork
86,AddToPlaylist
87,SearchCreativeWork
88,GetWeather
89,SearchScreeningEvent
90,BookRestaurant
91,GetWeather
92,RateBook
93,SearchScreeningEvent
94,PlayMusic
95,RateBook
96,BookRestaurant
97,SearchCreativeWork
98,RateBook
99,SearchCreativeWork
100,SearchScreeningEvent
101,SearchScreeningEvent
102,RateBook
103,RateBook
104,PlayMusic
105,BookRestaurant
106,BookRestaurant
107,GetWeather
108,AddToPlaylist
109,PlayMusic
110,PlayMusic
111,GetWeather
112,PlayMusic
113,RateBook
114,PlayMusic
115,SearchCreativeWork
116,SearchScreeningEvent
117,SearchCreativeWork
118,SearchScreeningEvent
119,SearchScreeningEvent
120,AddToPlaylist
121,AddToPlaylist
122,PlayMusic
123,SearchScreeningEvent
124,GetWeather
125,PlayMusic
126,PlayMusic
127,SearchCreativeWork
128,SearchScreeningEvent
129,BookRestaurant
130,GetWeather
131,AddToPlaylist
132,AddToPlaylist
133,RateBook
134,PlayMusic
135,RateBook
136,SearchCreativeWork
137,SearchCreativeWork
138,SearchCreativeWork
139,SearchScreeningEvent
140,BookRestaurant
141,SearchScreeningEvent
142,SearchScreeningEvent
143,BookRestaurant
144,GetWeather
145,SearchCreativeWork
146,AddToPlaylist
147,SearchCreativeWork
148,BookRestaurant
149,GetWeather
150,BookRestaurant
151,AddToPlaylist
152,GetWeather
153,PlayMusic
154,RateBook
155,PlayMusic
156,GetWeather
157,SearchCreativeWork
158,SearchCreativeWork
159,SearchCreativeWork
160,PlayMusic
161,PlayMusic
162,SearchCreativeWork
163,PlayMusic
164,GetWeather
165,AddToPlaylist
166,PlayMusic
167,GetWeather
168,PlayMusic
169,AddToPlaylist
170,BookRestaurant
171,GetWeather
172,AddToPlaylist
173,PlayMusic
174,GetWeather
175,AddToPlaylist
176,SearchCreativeWork
177,SearchScreeningEvent
178,GetWeather
179,GetWeather
180,SearchScreeningEvent
181,SearchCreativeWork
182,PlayMusic
183,PlayMusic
184,PlayMusic
185,RateBook
186,BookRestaurant
187,BookRestaurant
188,PlayMusic
189,BookRestaurant
190,SearchScreeningEvent
191,SearchCreativeWork
192,SearchCreativeWork
193,BookRestaurant
194,AddToPlaylist
195,AddToPlaylist
196,SearchScreeningEvent
197,SearchScreeningEvent
198,AddToPlaylist
199,RateBook
200,GetWeather
201,BookRestaurant
202,GetWeather
203,PlayMusic
204,PlayMusic
205,PlayMusic
206,SearchScreeningEvent
207,SearchScreeningEvent
208,SearchCreativeWork
209,SearchCreativeWork
210,PlayMusic
211,SearchScreeningEvent
212,SearchCreativeWork
213,SearchCreativeWork
214,SearchCreativeWork
215,SearchScreeningEvent
216,BookRestaurant
217,RateBook
218,RateBook
219,SearchScreeningEvent
220,AddToPlaylist
221,SearchCreativeWork
222,RateBook
223,AddToPlaylist
224,PlayMusic
225,SearchScreeningEvent
226,SearchCreativeWork
227,GetWeather
228,RateBook
229,SearchScreeningEvent
230,SearchScreeningEvent
231,SearchCreativeWork
232,SearchScreeningEvent
233,SearchScreeningEvent
234,SearchScreeningEvent
235,BookRestaurant
236,RateBook
237,RateBook
238,GetWeather
239,RateBook
240,SearchCreativeWork
241,PlayMusic
242,PlayMusic
243,SearchScreeningEvent
244,AddToPlaylist
245,SearchCreativeWork
246,GetWeather
247,SearchScreeningEvent
248,SearchCreativeWork
249,RateBook
250,GetWeather
251,AddToPlaylist
252,PlayMusic
253,BookRestaurant
254,SearchScreeningEvent
255,GetWeather
256,BookRestaurant
257,SearchScreeningEvent
258,AddToPlaylist
259,AddToPlaylist
260,SearchScreeningEvent
261,BookRestaurant
262,GetWeather
263,SearchCreativeWork
264,SearchScreeningEvent
265,SearchScreeningEvent
266,SearchScreeningEvent
267,PlayMusic
268,SearchCreativeWork
269,BookRestaurant
270,AddToPlaylist
271,BookRestaurant
272,GetWeather
273,SearchScreeningEvent
274,RateBook
275,BookRestaurant
276,RateBook
277,BookRestaurant
278,PlayMusic
279,BookRestaurant
280,SearchScreeningEvent
281,RateBook
282,BookRestaurant
283,RateBook
284,SearchScreeningEvent
285,BookRestaurant
286,PlayMusic
287,AddToPlaylist
288,AddToPlaylist
289,SearchCreativeWork
290,RateBook
291,SearchScreeningEvent
292,SearchScreeningEvent
293,AddToPlaylist
294,GetWeather
295,AddToPlaylist
296,PlayMusic
297,SearchCreativeWork
298,BookRestaurant
299,SearchScreeningEvent
300,SearchCreativeWork
301,PlayMusic
302,AddToPlaylist
303,BookRestaurant
304,AddToPlaylist
305,RateBook
306,SearchScreeningEvent
307,SearchCreativeWork
308,SearchScreeningEvent
309,BookRestaurant
310,SearchCreativeWork
311,SearchCreativeWork
312,SearchScreeningEvent
313,AddToPlaylist
314,SearchScreeningEvent
315,PlayMusic
316,SearchScreeningEvent
317,PlayMusic
318,GetWeather
319,SearchScreeningEvent
320,BookRestaurant
321,AddToPlaylist
322,PlayMusic
323,SearchScreeningEvent
324,RateBook
325,SearchScreeningEvent
326,AddToPlaylist
327,BookRestaurant
328,AddToPlaylist
329,RateBook
330,GetWeather
331,SearchCreativeWork
332,SearchScreeningEvent
333,PlayMusic
334,AddToPlaylist
335,RateBook
336,BookRestaurant
337,PlayMusic
338,BookRestaurant
339,SearchCreativeWork
340,BookRestaurant
341,SearchCreativeWork
342,AddToPlaylist
343,SearchScreeningEvent
344,SearchScreeningEvent
345,AddToPlaylist
346,GetWeather
347,SearchScreeningEvent
348,AddToPlaylist
349,RateBook
350,SearchScreeningEvent
351,AddToPlaylist
352,PlayMusic
353,SearchScreeningEvent
354,AddToPlaylist
355,BookRestaurant
356,RateBook
357,AddToPlaylist
358,SearchCreativeWork
359,BookRestaurant
360,SearchCreativeWork
361,BookRestaurant
362,GetWeather
363,SearchScreeningEvent
364,PlayMusic
365,PlayMusic
366,SearchScreeningEvent
367,AddToPlaylist
368,PlayMusic
369,AddToPlaylist
370,RateBook
371,GetWeather
372,PlayMusic
373,PlayMusic
374,BookRestaurant
375,SearchScreeningEvent
376,BookRestaurant
377,AddToPlaylist
378,SearchScreeningEvent
379,SearchCreativeWork
380,SearchCreativeWork
381,PlayMusic
382,AddToPlaylist
383,SearchCreativeWork
384,AddToPlaylist
385,SearchScreeningEvent
386,GetWeather
387,GetWeather
388,BookRestaurant
389,BookRestaurant
390,GetWeather
391,AddToPlaylist
392,GetWeather
393,SearchScreeningEvent
394,SearchScreeningEvent
395,GetWeather
396,BookRestaurant
397,BookRestaurant
398,GetWeather
399,PlayMusic
400,SearchCreativeWork
401,SearchScreeningEvent
402,SearchScreeningEvent
403,RateBook
404,PlayMusic
405,AddToPlaylist
406,AddToPlaylist
407,RateBook
408,SearchCreativeWork
409,GetWeather
410,SearchScreeningEvent
411,AddToPlaylist
412,AddToPlaylist
413,BookRestaurant
414,SearchScreeningEvent
415,RateBook
416,SearchScreeningEvent
417,GetWeather
418,SearchScreeningEvent
419,RateBook
420,PlayMusic
421,AddToPlaylist
422,BookRestaurant
423,AddToPlaylist
424,RateBook
425,GetWeather
426,BookRestaurant
427,GetWeather
428,RateBook
429,SearchScreeningEvent
430,SearchScreeningEvent
431,PlayMusic
432,PlayMusic
433,SearchScreeningEvent
434,GetWeather
435,GetWeather
436,GetWeather
437,RateBook
438,AddToPlaylist
439,PlayMusic
440,SearchCreativeWork
441,SearchCreativeWork
442,GetWeather
443,SearchScreeningEvent
444,BookRestaurant
445,SearchCreativeWork
446,RateBook
447,BookRestaurant
448,BookRestaurant
449,SearchCreativeWork
450,RateBook
451,SearchCreativeWork
452,SearchScreeningEvent
453,PlayMusic
454,SearchScreeningEvent
455,RateBook
456,AddToPlaylist
457,GetWeather
458,GetWeather
459,GetWeather
460,GetWeather
461,RateBook
462,AddToPlaylist
463,BookRestaurant
464,SearchCreativeWork
465,PlayMusic
466,RateBook
467,GetWeather
468,SearchCreativeWork
469,GetWeather
470,GetWeather
471,AddToPlaylist
472,BookRestaurant
473,BookRestaurant
474,GetWeather
475,GetWeather
476,AddToPlaylist
477,PlayMusic
478,RateBook
479,BookRestaurant
480,GetWeather
481,RateBook
482,RateBook
483,AddToPlaylist
484,BookRestaurant
485,AddToPlaylist
486,PlayMusic
487,GetWeather
488,AddToPlaylist
489,GetWeather
490,PlayMusic
491,PlayMusic
492,SearchCreativeWork
493,SearchScreeningEvent
494,BookRestaurant
495,SearchCreativeWork
496,PlayMusic
497,BookRestaurant
498,BookRestaurant
499,BookRestaurant
500,SearchCreativeWork
501,SearchCreativeWork
502,RateBook
503,BookRestaurant
504,SearchCreativeWork
505,SearchCreativeWork
506,GetWeather
507,PlayMusic
508,SearchScreeningEvent
509,SearchScreeningEvent
510,PlayMusic
511,SearchCreativeWork
512,BookRestaurant
513,SearchCreativeWork
514,PlayMusic
515,PlayMusic
516,BookRestaurant
517,RateBook
518,SearchCreativeWork
519,BookRestaurant
520,BookRestaurant
521,AddToPlaylist
522,AddToPlaylist
523,RateBook
524,BookRestaurant
525,SearchCreativeWork
526,AddToPlaylist
527,PlayMusic
528,PlayMusic
529,SearchCreativeWork
530,SearchScreeningEvent
531,PlayMusic
532,AddToPlaylist
533,SearchCreativeWork
534,BookRestaurant
535,BookRestaurant
536,SearchScreeningEvent
537,GetWeather
538,PlayMusic
539,BookRestaurant
540,SearchScreeningEvent
541,BookRestaurant
542,SearchScreeningEvent
543,SearchCreativeWork
544,SearchCreativeWork
545,AddToPlaylist
546,GetWeather
547,PlayMusic
548,PlayMusic
549,PlayMusic
550,PlayMusic
551,SearchScreeningEvent
552,SearchScreeningEvent
553,PlayMusic
554,RateBook
555,BookRestaurant
556,SearchScreeningEvent
557,AddToPlaylist
558,AddToPlaylist
559,PlayMusic
560,SearchCreativeWork
561,GetWeather
562,RateBook
563,GetWeather
564,AddToPlaylist
565,SearchCreativeWork
566,RateBook
567,GetWeather
568,SearchScreeningEvent
569,GetWeather
570,SearchScreeningEvent
571,SearchScreeningEvent
572,RateBook
573,PlayMusic
574,GetWeather
575,BookRestaurant
576,BookRestaurant
577,RateBook
578,AddToPlaylist
579,BookRestaurant
580,BookRestaurant
581,PlayMusic
582,BookRestaurant
583,SearchCreativeWork
584,RateBook
585,GetWeather
586,BookRestaurant
587,GetWeather
588,AddToPlaylist
589,GetWeather
590,SearchCreativeWork
591,AddToPlaylist
592,PlayMusic
593,RateBook
594,AddToPlaylist
595,PlayMusic
596,SearchScreeningEvent
597,BookRestaurant
598,PlayMusic
599,AddToPlaylist
600,SearchScreeningEvent
601,AddToPlaylist
602,PlayMusic
603,PlayMusic
604,AddToPlaylist
605,GetWeather
606,BookRestaurant
607,PlayMusic
608,PlayMusic
609,SearchScreeningEvent
610,BookRestaurant
611,SearchScreeningEvent
612,BookRestaurant
613,BookRestaurant
614,SearchCreativeWork
615,RateBook
616,AddToPlaylist
617,AddToPlaylist
618,PlayMusic
619,RateBook
620,RateBook
621,GetWeather
622,RateBook
623,SearchCreativeWork
624,PlayMusic
625,BookRestaurant
626,SearchScreeningEvent
627,GetWeather
628,BookRestaurant
629,RateBook
630,RateBook
631,SearchCreativeWork
632,PlayMusic
633,SearchScreeningEvent
634,GetWeather
635,SearchCreativeWork
636,AddToPlaylist
637,BookRestaurant
638,SearchScreeningEvent
639,GetWeather
640,RateBook
641,PlayMusic
642,SearchScreeningEvent
643,SearchScreeningEvent
644,BookRestaurant
645,RateBook
646,PlayMusic
647,AddToPlaylist
648,RateBook
649,AddToPlaylist
650,SearchScreeningEvent
651,BookRestaurant
652,AddToPlaylist
653,GetWeather
654,SearchScreeningEvent
655,AddToPlaylist
656,SearchCreativeWork
657,GetWeather
658,AddToPlaylist
659,SearchCreativeWork
660,SearchCreativeWork
661,RateBook
662,SearchScreeningEvent
663,PlayMusic
664,BookRestaurant
665,SearchCreativeWork
666,SearchCreativeWork
667,RateBook
668,SearchCreativeWork
669,GetWeather
670,SearchCreativeWork
671,SearchCreativeWork
672,SearchScreeningEvent
673,BookRestaurant
674,SearchCreativeWork
675,AddToPlaylist
676,GetWeather
677,SearchCreativeWork
678,BookRestaurant
679,RateBook
680,RateBook
681,SearchCreativeWork
682,BookRestaurant
683,GetWeather
684,RateBook
685,AddToPlaylist
686,AddToPlaylist
687,GetWeather
688,SearchScreeningEvent
689,PlayMusic
690,SearchCreativeWork
691,SearchScreeningEvent
692,AddToPlaylist
693,BookRestaurant
694,PlayMusic
695,AddToPlaylist
696,BookRestaurant
697,RateBook
698,SearchCreativeWork
699,RateBook
700,BookRestaurant
701,PlayMusic
702,BookRestaurant
703,AddToPlaylist
704,BookRestaurant
705,SearchScreeningEvent
706,PlayMusic
707,RateBook
708,AddToPlaylist
709,PlayMusic
710,PlayMusic
711,RateBook
712,SearchCreativeWork
713,AddToPlaylist
714,AddToPlaylist
715,PlayMusic
716,GetWeather
717,SearchCreativeWork
718,PlayMusic
719,PlayMusic
720,PlayMusic
721,GetWeather
722,SearchScreeningEvent
723,GetWeather
724,SearchScreeningEvent
725,PlayMusic
726,SearchCreativeWork
727,PlayMusic
728,RateBook
729,SearchCreativeWork
730,AddToPlaylist
731,RateBook
732,PlayMusic
733,SearchScreeningEvent
734,PlayMusic
735,GetWeather
736,RateBook
737,SearchCreativeWork
738,SearchScreeningEvent
739,BookRestaurant
740,RateBook
741,GetWeather
742,BookRestaurant
743,AddToPlaylist
744,GetWeather
745,RateBook
746,SearchCreativeWork
747,SearchScreeningEvent
748,PlayMusic
749,PlayMusic
750,AddToPlaylist
751,AddToPlaylist
752,SearchScreeningEvent
753,GetWeather
754,GetWeather
755,GetWeather
756,SearchCreativeWork
757,GetWeather
758,PlayMusic
759,SearchScreeningEvent
760,PlayMusic
761,SearchScreeningEvent
762,SearchCreativeWork
763,GetWeather
764,GetWeather
765,BookRestaurant
766,PlayMusic
767,RateBook
768,AddToPlaylist
769,BookRestaurant
770,RateBook
771,BookRestaurant
772,SearchCreativeWork
773,BookRestaurant
774,PlayMusic
775,AddToPlaylist
776,SearchScreeningEvent
777,RateBook
778,SearchCreativeWork
779,AddToPlaylist
780,BookRestaurant
781,RateBook
782,BookRestaurant
783,GetWeather
784,PlayMusic
785,GetWeather
786,SearchCreativeWork
787,SearchScreeningEvent
788,BookRestaurant
789,RateBook
790,SearchScreeningEvent
791,PlayMusic
792,SearchCreativeWork
793,SearchCreativeWork
794,BookRestaurant
795,GetWeather
796,RateBook
797,SearchScreeningEvent
798,AddToPlaylist
799,SearchScreeningEvent
800,GetWeather
801,AddToPlaylist
802,RateBook
803,GetWeather
804,SearchScreeningEvent
805,SearchScreeningEvent
806,BookRestaurant
807,AddToPlaylist
808,SearchCreativeWork
809,AddToPlaylist
810,BookRestaurant
811,PlayMusic
812,SearchScreeningEvent
813,PlayMusic
814,SearchScreeningEvent
815,PlayMusic
816,BookRestaurant
817,RateBook
818,BookRestaurant
819,SearchScreeningEvent
820,RateBook
821,RateBook
822,RateBook
823,RateBook
824,GetWeather
825,BookRestaurant
826,AddToPlaylist
827,SearchScreeningEvent
828,SearchScreeningEvent
829,AddToPlaylist
830,RateBook
831,GetWeather
832,AddToPlaylist
833,AddToPlaylist
834,SearchCreativeWork
835,BookRestaurant
836,BookRestaurant
837,PlayMusic
838,GetWeather
839,BookRestaurant
840,PlayMusic
841,PlayMusic
842,SearchScreeningEvent
843,AddToPlaylist
844,SearchScreeningEvent
845,SearchScreeningEvent
846,PlayMusic
847,GetWeather
848,SearchScreeningEvent
849,PlayMusic
850,BookRestaurant
851,SearchScreeningEvent
852,PlayMusic
853,RateBook
854,PlayMusic
855,SearchScreeningEvent
856,RateBook
857,GetWeather
858,SearchScreeningEvent
859,PlayMusic
860,SearchCreativeWork
861,BookRestaurant
862,BookRestaurant
863,PlayMusic
864,RateBook
865,GetWeather
866,RateBook
867,SearchScreeningEvent
868,RateBook
869,GetWeather
870,PlayMusic
871,GetWeather
872,PlayMusic
873,BookRestaurant
874,GetWeather
875,RateBook
876,PlayMusic
877,PlayMusic
878,BookRestaurant
879,AddToPlaylist
880,PlayMusic
881,RateBook
882,GetWeather
883,GetWeather
884,BookRestaurant
885,RateBook
886,SearchScreeningEvent
887,AddToPlaylist
888,PlayMusic
889,SearchScreeningEvent
890,AddToPlaylist
891,RateBook
892,SearchScreeningEvent
893,GetWeather
894,BookRestaurant
895,AddToPlaylist
896,PlayMusic
897,SearchScreeningEvent
898,BookRestaurant
899,PlayMusic
900,SearchCreativeWork
901,GetWeather
902,RateBook
903,AddToPlaylist
904,GetWeather
905,SearchScreeningEvent
906,PlayMusic
907,PlayMusic
908,RateBook
909,AddToPlaylist
910,RateBook
911,BookRestaurant
912,BookRestaurant
913,SearchScreeningEvent
914,GetWeather
915,RateBook
916,BookRestaurant
917,PlayMusic
918,AddToPlaylist
919,PlayMusic
920,RateBook
921,PlayMusic
922,PlayMusic
923,BookRestaurant
924,SearchScreeningEvent
925,SearchCreativeWork
926,RateBook
927,SearchCreativeWork
928,RateBook
929,BookRestaurant
930,SearchCreativeWork
931,PlayMusic
932,AddToPlaylist
933,PlayMusic
934,RateBook
935,AddToPlaylist
936,PlayMusic
937,SearchScreeningEvent
938,SearchScreeningEvent
939,BookRestaurant
940,SearchCreativeWork
941,SearchScreeningEvent
942,PlayMusic
943,AddToPlaylist
944,AddToPlaylist
945,PlayMusic
946,RateBook
947,AddToPlaylist
948,PlayMusic
949,PlayMusic
950,RateBook
951,PlayMusic
952,RateBook
953,RateBook
954,GetWeather
955,BookRestaurant
956,SearchScreeningEvent
957,AddToPlaylist
958,RateBook
959,GetWeather
960,BookRestaurant
961,AddToPlaylist
962,PlayMusic
963,RateBook
964,GetWeather
965,PlayMusic
966,BookRestaurant
967,GetWeather
968,SearchScreeningEvent
969,RateBook
970,AddToPlaylist
971,PlayMusic
972,PlayMusic
973,AddToPlaylist
974,RateBook
975,AddToPlaylist
976,AddToPlaylist
977,BookRestaurant
978,PlayMusic
979,SearchCreativeWork
980,GetWeather
981,RateBook
982,SearchScreeningEvent
983,AddToPlaylist
984,SearchCreativeWork
985,AddToPlaylist
986,RateBook
987,AddToPlaylist
988,SearchCreativeWork
989,SearchCreativeWork
990,GetWeather
991,GetWeather
992,SearchScreeningEvent
993,RateBook
994,BookRestaurant
995,SearchScreeningEvent
996,BookRestaurant
997,PlayMusic
998,SearchCreativeWork
999,RateBook
1000,RateBook
1001,RateBook
1002,GetWeather
1003,PlayMusic
1004,SearchScreeningEvent
1005,GetWeather
1006,GetWeather
1007,RateBook
1008,PlayMusic
1009,AddToPlaylist
1010,PlayMusic
1011,AddToPlaylist
1012,RateBook
1013,AddToPlaylist
1014,GetWeather
1015,PlayMusic
1016,SearchCreativeWork
1017,SearchScreeningEvent
1018,BookRestaurant
1019,SearchScreeningEvent
1020,GetWeather
1021,AddToPlaylist
1022,SearchScreeningEvent
1023,AddToPlaylist
1024,PlayMusic
1025,AddToPlaylist
1026,SearchScreeningEvent
1027,SearchScreeningEvent
1028,GetWeather
1029,PlayMusic
1030,GetWeather
1031,SearchScreeningEvent
1032,PlayMusic
1033,BookRestaurant
1034,RateBook
1035,PlayMusic
1036,BookRestaurant
1037,GetWeather
1038,PlayMusic
1039,RateBook
1040,AddToPlaylist
1041,PlayMusic
1042,GetWeather
1043,AddToPlaylist
1044,GetWeather
1045,RateBook
1046,RateBook
1047,BookRestaurant
1048,SearchScreeningEvent
1049,PlayMusic
1050,SearchScreeningEvent
1051,PlayMusic
1052,GetWeather
1053,BookRestaurant
1054,PlayMusic
1055,PlayMusic
1056,PlayMusic
1057,PlayMusic
1058,AddToPlaylist
1059,GetWeather
1060,SearchScreeningEvent
1061,GetWeather
1062,AddToPlaylist
1063,BookRestaurant
1064,BookRestaurant
1065,PlayMusic
1066,SearchCreativeWork
1067,SearchCreativeWork
1068,GetWeather
1069,RateBook
1070,RateBook
1071,PlayMusic
1072,GetWeather
1073,AddToPlaylist
1074,PlayMusic
1075,RateBook
1076,SearchCreativeWork
1077,GetWeather
1078,PlayMusic
1079,GetWeather
1080,GetWeather
1081,BookRestaurant
1082,RateBook
1083,AddToPlaylist
1084,RateBook
1085,SearchCreativeWork
1086,PlayMusic
1087,PlayMusic
1088,SearchCreativeWork
1089,AddToPlaylist
1090,PlayMusic
1091,SearchScreeningEvent
1092,AddToPlaylist
1093,BookRestaurant
1094,GetWeather
1095,RateBook
1096,PlayMusic
1097,GetWeather
1098,AddToPlaylist
1099,BookRestaurant
1100,SearchCreativeWork
1101,RateBook
1102,PlayMusic
1103,GetWeather
1104,RateBook
1105,RateBook
1106,RateBook
1107,PlayMusic
1108,PlayMusic
1109,SearchCreativeWork
1110,GetWeather
1111,SearchScreeningEvent
1112,RateBook
1113,RateBook
1114,BookRestaurant
1115,SearchScreeningEvent
1116,GetWeather
1117,SearchScreeningEvent
1118,BookRestaurant
1119,AddToPlaylist
1120,SearchCreativeWork
1121,RateBook
1122,SearchScreeningEvent
1123,AddToPlaylist
1124,PlayMusic
1125,AddToPlaylist
1126,SearchCreativeWork
1127,RateBook
1128,AddToPlaylist
1129,PlayMusic
1130,GetWeather
1131,AddToPlaylist
1132,SearchCreativeWork
1133,PlayMusic
1134,AddToPlaylist
1135,SearchScreeningEvent
1136,PlayMusic
1137,SearchScreeningEvent
1138,GetWeather
1139,SearchCreativeWork
1140,AddToPlaylist
1141,SearchScreeningEvent
1142,SearchCreativeWork
1143,AddToPlaylist
1144,RateBook
1145,RateBook
1146,PlayMusic
1147,BookRestaurant
1148,AddToPlaylist
1149,RateBook
1150,AddToPlaylist
1151,BookRestaurant
1152,PlayMusic
1153,GetWeather
1154,SearchCreativeWork
1155,AddToPlaylist
1156,RateBook
1157,SearchScreeningEvent
1158,GetWeather
1159,SearchScreeningEvent
1160,PlayMusic
1161,AddToPlaylist
1162,PlayMusic
1163,BookRestaurant
1164,GetWeather
1165,BookRestaurant
1166,SearchScreeningEvent
1167,AddToPlaylist
1168,SearchScreeningEvent
1169,AddToPlaylist
1170,RateBook
1171,AddToPlaylist
1172,BookRestaurant
1173,RateBook
1174,BookRestaurant
1175,PlayMusic
1176,SearchCreativeWork
1177,SearchScreeningEvent
1178,PlayMusic
1179,AddToPlaylist
1180,AddToPlaylist
1181,GetWeather
1182,GetWeather
1183,GetWeather
1184,PlayMusic
1185,RateBook
1186,PlayMusic
1187,SearchCreativeWork
1188,PlayMusic
1189,AddToPlaylist
1190,BookRestaurant
1191,PlayMusic
1192,SearchCreativeWork
1193,GetWeather
1194,SearchCreativeWork
1195,BookRestaurant
1196,SearchScreeningEvent
1197,GetWeather
1198,PlayMusic
1199,PlayMusic
1200,BookRestaurant
1201,GetWeather
1202,SearchScreeningEvent
1203,SearchCreativeWork
1204,AddToPlaylist
1205,RateBook
1206,SearchScreeningEvent
1207,BookRestaurant
1208,RateBook
1209,RateBook
1210,BookRestaurant
1211,PlayMusic
1212,RateBook
1213,AddToPlaylist
1214,BookRestaurant
1215,PlayMusic
1216,SearchCreativeWork
1217,PlayMusic
1218,RateBook
1219,AddToPlaylist
1220,BookRestaurant
1221,PlayMusic
1222,BookRestaurant
1223,SearchScreeningEvent
1224,GetWeather
1225,SearchScreeningEvent
1226,AddToPlaylist
1227,PlayMusic
1228,SearchScreeningEvent
1229,AddToPlaylist
1230,SearchScreeningEvent
1231,SearchCreativeWork
1232,PlayMusic
1233,GetWeather
1234,RateBook
1235,SearchScreeningEvent
1236,AddToPlaylist
1237,RateBook
1238,GetWeather
1239,RateBook
1240,SearchCreativeWork
1241,RateBook
1242,RateBook
1243,GetWeather
1244,SearchCreativeWork
1245,AddToPlaylist
1246,RateBook
1247,SearchScreeningEvent
1248,SearchScreeningEvent
1249,SearchScreeningEvent
1250,PlayMusic
1251,SearchScreeningEvent
1252,PlayMusic
1253,SearchCreativeWork
1254,AddToPlaylist
1255,SearchScreeningEvent
1256,RateBook
1257,RateBook
1258,SearchScreeningEvent
1259,PlayMusic
1260,GetWeather
1261,GetWeather
1262,AddToPlaylist
1263,SearchScreeningEvent
1264,RateBook
1265,RateBook
1266,PlayMusic
1267,SearchScreeningEvent
1268,SearchCreativeWork
1269,BookRestaurant
1270,PlayMusic
1271,AddToPlaylist
1272,PlayMusic
1273,GetWeather
1274,PlayMusic
1275,AddToPlaylist
1276,PlayMusic
1277,SearchScreeningEvent
1278,BookRestaurant
1279,PlayMusic
1280,BookRestaurant
1281,PlayMusic
1282,RateBook
1283,PlayMusic
1284,PlayMusic
1285,PlayMusic
1286,SearchCreativeWork
1287,SearchScreeningEvent
1288,BookRestaurant
1289,AddToPlaylist
1290,SearchCreativeWork
1291,SearchScreeningEvent
1292,RateBook
1293,BookRestaurant
1294,SearchCreativeWork
1295,BookRestaurant
1296,BookRestaurant
1297,BookRestaurant
1298,SearchCreativeWork
1299,GetWeather
1300,PlayMusic
1301,SearchScreeningEvent
1302,BookRestaurant
1303,BookRestaurant
1304,AddToPlaylist
1305,SearchScreeningEvent
1306,AddToPlaylist
1307,SearchCreativeWork
1308,SearchScreeningEvent
1309,GetWeather
1310,AddToPlaylist
1311,SearchScreeningEvent
1312,PlayMusic
1313,SearchScreeningEvent
1314,BookRestaurant
1315,RateBook
1316,BookRestaurant
1317,AddToPlaylist
1318,PlayMusic
1319,RateBook
1320,PlayMusic
1321,PlayMusic
1322,BookRestaurant
1323,GetWeather
1324,RateBook
1325,GetWeather
1326,BookRestaurant
1327,GetWeather
1328,AddToPlaylist
1329,PlayMusic
1330,SearchCreativeWork
1331,SearchCreativeWork
1332,AddToPlaylist
1333,PlayMusic
1334,GetWeather
1335,SearchScreeningEvent
1336,BookRestaurant
1337,SearchScreeningEvent
1338,SearchCreativeWork
1339,RateBook
1340,PlayMusic
1341,PlayMusic
1342,GetWeather
1343,SearchScreeningEvent
1344,SearchCreativeWork
1345,PlayMusic
1346,PlayMusic
1347,SearchCreativeWork
1348,AddToPlaylist
1349,BookRestaurant
1350,RateBook
1351,PlayMusic
1352,RateBook
1353,AddToPlaylist
1354,RateBook
1355,GetWeather
1356,RateBook
1357,SearchScreeningEvent
1358,PlayMusic
1359,BookRestaurant
1360,AddToPlaylist
1361,SearchCreativeWork
1362,AddToPlaylist
1363,AddToPlaylist
1364,PlayMusic
1365,AddToPlaylist
1366,SearchScreeningEvent
1367,SearchCreativeWork
1368,SearchCreativeWork
1369,PlayMusic
1370,SearchCreativeWork
1371,GetWeather
1372,PlayMusic
1373,SearchScreeningEvent
1374,SearchScreeningEvent
1375,GetWeather
1376,GetWeather
1377,SearchScreeningEvent
1378,PlayMusic
1379,SearchCreativeWork
1380,SearchCreativeWork
1381,AddToPlaylist
1382,PlayMusic
1383,PlayMusic
1384,SearchScreeningEvent
1385,BookRestaurant
1386,GetWeather
1387,GetWeather
1388,PlayMusic
1389,BookRestaurant
1390,PlayMusic
1391,GetWeather
1392,AddToPlaylist
1393,GetWeather
1394,RateBook
1395,BookRestaurant
1396,AddToPlaylist
1397,PlayMusic
1398,AddToPlaylist
1399,PlayMusic
1400,AddToPlaylist
1401,PlayMusic
1402,BookRestaurant
1403,BookRestaurant
1404,PlayMusic
1405,AddToPlaylist
1406,AddToPlaylist
1407,SearchScreeningEvent
1408,PlayMusic
1409,BookRestaurant
1410,GetWeather
1411,GetWeather
1412,SearchCreativeWork
1413,SearchScreeningEvent
1414,BookRestaurant
1415,AddToPlaylist
1416,BookRestaurant
1417,GetWeather
1418,BookRestaurant
1419,GetWeather
1420,AddToPlaylist
1421,BookRestaurant
1422,GetWeather
1423,SearchCreativeWork
1424,PlayMusic
1425,RateBook
1426,GetWeather
1427,GetWeather
1428,PlayMusic
1429,BookRestaurant
1430,AddToPlaylist
1431,BookRestaurant
1432,GetWeather
1433,BookRestaurant
1434,BookRestaurant
1435,AddToPlaylist
1436,SearchScreeningEvent
1437,SearchCreativeWork
1438,AddToPlaylist
1439,SearchScreeningEvent
1440,RateBook
1441,AddToPlaylist
1442,SearchScreeningEvent
1443,GetWeather
1444,SearchCreativeWork
1445,SearchCreativeWork
1446,GetWeather
1447,SearchScreeningEvent
1448,RateBook
1449,BookRestaurant
1450,AddToPlaylist
1451,BookRestaurant
1452,RateBook
1453,SearchCreativeWork
1454,AddToPlaylist
1455,SearchCreativeWork
1456,SearchCreativeWork
1457,SearchScreeningEvent
1458,BookRestaurant
1459,PlayMusic
1460,GetWeather
1461,RateBook
1462,GetWeather
1463,AddToPlaylist
1464,RateBook
1465,AddToPlaylist
1466,PlayMusic
1467,SearchScreeningEvent
1468,RateBook
1469,GetWeather
1470,PlayMusic
1471,RateBook
1472,SearchScreeningEvent
1473,SearchScreeningEvent
1474,GetWeather
1475,BookRestaurant
1476,RateBook
1477,PlayMusic
1478,SearchCreativeWork
1479,PlayMusic
1480,SearchScreeningEvent
1481,SearchScreeningEvent
1482,SearchCreativeWork
1483,PlayMusic
1484,SearchCreativeWork
1485,AddToPlaylist
1486,PlayMusic
1487,BookRestaurant
1488,SearchCreativeWork
1489,RateBook
1490,GetWeather
1491,BookRestaurant
1492,RateBook
1493,PlayMusic
1494,PlayMusic
1495,SearchScreeningEvent
1496,BookRestaurant
1497,RateBook
1498,SearchScreeningEvent
1499,RateBook
1500,SearchScreeningEvent
1501,AddToPlaylist
1502,SearchCreativeWork
1503,SearchScreeningEvent
1504,SearchScreeningEvent
1505,RateBook
1506,SearchCreativeWork
1507,BookRestaurant
1508,SearchCreativeWork
1509,PlayMusic
1510,RateBook
1511,PlayMusic
1512,RateBook
1513,BookRestaurant
1514,PlayMusic
1515,RateBook
1516,SearchCreativeWork
1517,RateBook
1518,SearchScreeningEvent
1519,SearchCreativeWork
1520,RateBook
1521,RateBook
1522,SearchCreativeWork
1523,AddToPlaylist
1524,PlayMusic
1525,BookRestaurant
1526,PlayMusic
1527,SearchCreativeWork
1528,SearchCreativeWork
1529,SearchCreativeWork
1530,RateBook
1531,BookRestaurant
1532,SearchCreativeWork
1533,GetWeather
1534,AddToPlaylist
1535,SearchScreeningEvent
1536,GetWeather
1537,PlayMusic
1538,RateBook
1539,GetWeather
1540,RateBook
1541,RateBook
1542,PlayMusic
1543,BookRestaurant
1544,SearchCreativeWork
1545,PlayMusic
1546,SearchScreeningEvent
1547,RateBook
1548,GetWeather
1549,PlayMusic
1550,RateBook
1551,SearchScreeningEvent
1552,PlayMusic
1553,AddToPlaylist
1554,SearchScreeningEvent
1555,BookRestaurant
1556,SearchScreeningEvent
1557,SearchScreeningEvent
1558,SearchScreeningEvent
1559,SearchCreativeWork
1560,BookRestaurant
1561,SearchCreativeWork
1562,BookRestaurant
1563,BookRestaurant
1564,PlayMusic
1565,SearchCreativeWork
1566,PlayMusic
1567,PlayMusic
1568,AddToPlaylist
1569,AddToPlaylist
1570,BookRestaurant
1571,SearchCreativeWork
1572,SearchScreeningEvent
1573,GetWeather
1574,SearchScreeningEvent
1575,SearchScreeningEvent
1576,RateBook
1577,RateBook
1578,SearchScreeningEvent
1579,SearchCreativeWork
1580,SearchScreeningEvent
1581,GetWeather
1582,RateBook
1583,SearchCreativeWork
1584,SearchCreativeWork
1585,SearchCreativeWork
1586,GetWeather
1587,AddToPlaylist
1588,SearchCreativeWork
1589,SearchCreativeWork
1590,AddToPlaylist
1591,AddToPlaylist
1592,GetWeather
1593,PlayMusic
1594,SearchCreativeWork
1595,AddToPlaylist
1596,GetWeather
1597,AddToPlaylist
1598,RateBook
1599,PlayMusic
1600,AddToPlaylist
1601,SearchScreeningEvent
1602,RateBook
1603,RateBook
1604,SearchScreeningEvent
1605,SearchScreeningEvent
1606,GetWeather
1607,BookRestaurant
1608,SearchScreeningEvent
1609,RateBook
1610,GetWeather
1611,SearchScreeningEvent
1612,RateBook
1613,SearchCreativeWork
1614,GetWeather
1615,RateBook
1616,SearchCreativeWork
1617,RateBook
1618,GetWeather
1619,SearchCreativeWork
1620,AddToPlaylist
1621,RateBook
1622,SearchCreativeWork
1623,PlayMusic
1624,SearchCreativeWork
1625,SearchCreativeWork
1626,BookRestaurant
1627,SearchCreativeWork
1628,RateBook
1629,AddToPlaylist
1630,AddToPlaylist
1631,SearchCreativeWork
1632,SearchScreeningEvent
1633,PlayMusic
1634,SearchScreeningEvent
1635,BookRestaurant
1636,RateBook
1637,AddToPlaylist
1638,SearchCreativeWork
1639,AddToPlaylist
1640,GetWeather
1641,PlayMusic
1642,GetWeather
1643,GetWeather
1644,AddToPlaylist
1645,RateBook
1646,RateBook
1647,PlayMusic
1648,RateBook
1649,GetWeather
1650,RateBook
1651,GetWeather
1652,PlayMusic
1653,SearchCreativeWork
1654,AddToPlaylist
1655,PlayMusic
1656,AddToPlaylist
1657,SearchScreeningEvent
1658,SearchScreeningEvent
1659,BookRestaurant
1660,AddToPlaylist
1661,BookRestaurant
1662,PlayMusic
1663,GetWeather
1664,RateBook
1665,GetWeather
1666,AddToPlaylist
1667,GetWeather
1668,PlayMusic
1669,SearchCreativeWork
1670,SearchScreeningEvent
1671,SearchCreativeWork
1672,RateBook
1673,AddToPlaylist
1674,SearchScreeningEvent
1675,BookRestaurant
1676,SearchCreativeWork
1677,GetWeather
1678,RateBook
1679,SearchScreeningEvent
1680,BookRestaurant
1681,SearchCreativeWork
1682,PlayMusic
1683,RateBook
1684,GetWeather
1685,SearchScreeningEvent
1686,RateBook
1687,BookRestaurant
1688,SearchScreeningEvent
1689,SearchScreeningEvent
1690,AddToPlaylist
1691,AddToPlaylist
1692,PlayMusic
1693,BookRestaurant
1694,BookRestaurant
1695,SearchScreeningEvent
1696,BookRestaurant
1697,AddToPlaylist
1698,GetWeather
1699,AddToPlaylist
1700,BookRestaurant
1701,AddToPlaylist
1702,AddToPlaylist
1703,BookRestaurant
1704,BookRestaurant
1705,GetWeather
1706,AddToPlaylist
1707,PlayMusic
1708,BookRestaurant
1709,PlayMusic
1710,RateBook
1711,AddToPlaylist
1712,SearchScreeningEvent
1713,GetWeather
1714,AddToPlaylist
1715,SearchCreativeWork
1716,GetWeather
1717,SearchScreeningEvent
1718,PlayMusic
1719,RateBook
1720,SearchCreativeWork
1721,RateBook
1722,RateBook
1723,BookRestaurant
1724,SearchCreativeWork
1725,SearchScreeningEvent
1726,RateBook
1727,AddToPlaylist
1728,RateBook
1729,SearchScreeningEvent
1730,GetWeather
1731,SearchCreativeWork
1732,AddToPlaylist
1733,AddToPlaylist
1734,SearchCreativeWork
1735,RateBook
1736,AddToPlaylist
1737,AddToPlaylist
1738,RateBook
1739,BookRestaurant
1740,GetWeather
1741,SearchScreeningEvent
1742,BookRestaurant
1743,RateBook
1744,GetWeather
1745,RateBook
1746,SearchScreeningEvent
1747,RateBook
1748,GetWeather
1749,SearchScreeningEvent
1750,GetWeather
1751,BookRestaurant
1752,GetWeather
1753,GetWeather
1754,SearchCreativeWork
1755,BookRestaurant
1756,SearchCreativeWork
1757,SearchCreativeWork
1758,PlayMusic
1759,GetWeather
1760,GetWeather
1761,AddToPlaylist
1762,AddToPlaylist
1763,PlayMusic
1764,SearchScreeningEvent
1765,BookRestaurant
1766,SearchCreativeWork
1767,SearchScreeningEvent
1768,SearchCreativeWork
1769,AddToPlaylist
1770,PlayMusic
1771,PlayMusic
1772,AddToPlaylist
1773,GetWeather
1774,GetWeather
1775,PlayMusic
1776,SearchCreativeWork
1777,AddToPlaylist
1778,BookRestaurant
1779,AddToPlaylist
1780,SearchCreativeWork
1781,SearchScreeningEvent
1782,AddToPlaylist
1783,SearchCreativeWork
1784,SearchScreeningEvent
1785,AddToPlaylist
1786,GetWeather
1787,BookRestaurant
1788,GetWeather
1789,PlayMusic
1790,GetWeather
1791,SearchScreeningEvent
1792,GetWeather
1793,GetWeather
1794,SearchScreeningEvent
1795,SearchScreeningEvent
1796,SearchCreativeWork
1797,RateBook
1798,BookRestaurant
1799,RateBook
1800,BookRestaurant
1801,PlayMusic
1802,SearchScreeningEvent
1803,GetWeather
1804,SearchCreativeWork
1805,RateBook
1806,SearchCreativeWork
1807,GetWeather
1808,SearchCreativeWork
1809,PlayMusic
1810,RateBook
1811,BookRestaurant
1812,RateBook
1813,PlayMusic
1814,SearchScreeningEvent
1815,RateBook
1816,AddToPlaylist
1817,RateBook
1818,SearchScreeningEvent
1819,PlayMusic
1820,SearchScreeningEvent
1821,RateBook
1822,SearchCreativeWork
1823,SearchScreeningEvent
1824,PlayMusic
1825,SearchScreeningEvent
1826,RateBook
1827,SearchCreativeWork
1828,SearchCreativeWork
1829,BookRestaurant
1830,GetWeather
1831,BookRestaurant
1832,SearchScreeningEvent
1833,AddToPlaylist
1834,SearchCreativeWork
1835,GetWeather
1836,RateBook
1837,BookRestaurant
1838,GetWeather
1839,SearchScreeningEvent
1840,AddToPlaylist
1841,SearchCreativeWork
1842,PlayMusic
1843,RateBook
1844,BookRestaurant
1845,SearchScreeningEvent
1846,BookRestaurant
1847,SearchCreativeWork
1848,GetWeather
1849,SearchScreeningEvent
1850,PlayMusic
1851,BookRestaurant
1852,GetWeather
1853,GetWeather
1854,SearchCreativeWork
1855,SearchScreeningEvent
1856,AddToPlaylist
1857,RateBook
1858,SearchScreeningEvent
1859,SearchCreativeWork
1860,GetWeather
1861,BookRestaurant
1862,RateBook
1863,SearchCreativeWork
1864,SearchCreativeWork
1865,BookRestaurant
1866,SearchScreeningEvent
1867,AddToPlaylist
1868,RateBook
1869,GetWeather
1870,GetWeather
1871,PlayMusic
1872,BookRestaurant
1873,AddToPlaylist
1874,SearchScreeningEvent
1875,SearchScreeningEvent
1876,SearchCreativeWork
1877,RateBook
1878,RateBook
1879,PlayMusic
1880,PlayMusic
1881,BookRestaurant
1882,SearchScreeningEvent
1883,SearchCreativeWork
1884,SearchScreeningEvent
1885,AddToPlaylist
1886,GetWeather
1887,AddToPlaylist
1888,RateBook
1889,BookRestaurant
1890,PlayMusic
1891,BookRestaurant
1892,PlayMusic
1893,SearchScreeningEvent
1894,AddToPlaylist
1895,GetWeather
1896,GetWeather
1897,GetWeather
1898,BookRestaurant
1899,RateBook
1900,SearchCreativeWork
1901,GetWeather
1902,BookRestaurant
1903,SearchScreeningEvent
1904,SearchScreeningEvent
1905,RateBook
1906,SearchScreeningEvent
1907,GetWeather
1908,BookRestaurant
1909,SearchScreeningEvent
1910,BookRestaurant
1911,GetWeather
1912,GetWeather
1913,SearchCreativeWork
1914,AddToPlaylist
1915,SearchScreeningEvent
1916,RateBook
1917,SearchScreeningEvent
1918,RateBook
1919,RateBook
1920,BookRestaurant
1921,PlayMusic
1922,SearchScreeningEvent
1923,SearchScreeningEvent
1924,SearchScreeningEvent
1925,SearchScreeningEvent
1926,SearchScreeningEvent
1927,RateBook
1928,RateBook
1929,SearchScreeningEvent
1930,GetWeather
1931,AddToPlaylist
1932,GetWeather
1933,AddToPlaylist
1934,SearchScreeningEvent
1935,SearchCreativeWork
1936,RateBook
1937,SearchCreativeWork
1938,RateBook
1939,GetWeather
1940,SearchScreeningEvent
1941,AddToPlaylist
1942,AddToPlaylist
1943,RateBook
1944,SearchScreeningEvent
1945,PlayMusic
1946,RateBook
1947,AddToPlaylist
1948,SearchCreativeWork
1949,BookRestaurant
1950,GetWeather
1951,SearchScreeningEvent
1952,RateBook
1953,AddToPlaylist
1954,AddToPlaylist
1955,PlayMusic
1956,AddToPlaylist
1957,GetWeather
1958,PlayMusic
1959,AddToPlaylist
1960,AddToPlaylist
1961,SearchScreeningEvent
1962,GetWeather
1963,SearchCreativeWork
1964,GetWeather
1965,RateBook
1966,GetWeather
1967,SearchCreativeWork
1968,BookRestaurant
1969,PlayMusic
1970,AddToPlaylist
1971,GetWeather
1972,AddToPlaylist
1973,GetWeather
1974,BookRestaurant
1975,GetWeather
1976,BookRestaurant
1977,PlayMusic
1978,GetWeather
1979,SearchScreeningEvent
1980,PlayMusic
1981,SearchScreeningEvent
1982,SearchCreativeWork
1983,AddToPlaylist
1984,BookRestaurant
1985,SearchScreeningEvent
1986,PlayMusic
1987,GetWeather
1988,PlayMusic
1989,AddToPlaylist
1990,SearchCreativeWork
1991,SearchCreativeWork
1992,GetWeather
1993,SearchCreativeWork
1994,SearchScreeningEvent
1995,SearchScreeningEvent
1996,PlayMusic
1997,RateBook
1998,AddToPlaylist
1999,RateBook
2000,RateBook
2001,AddToPlaylist
2002,SearchCreativeWork
2003,PlayMusic
2004,PlayMusic
2005,GetWeather
2006,SearchScreeningEvent
2007,RateBook
2008,PlayMusic
2009,PlayMusic
2010,SearchScreeningEvent
2011,BookRestaurant
2012,RateBook
2013,AddToPlaylist
2014,AddToPlaylist
2015,SearchCreativeWork
2016,RateBook
2017,BookRestaurant
2018,GetWeather
2019,SearchCreativeWork
2020,SearchCreativeWork
2021,SearchCreativeWork
2022,AddToPlaylist
2023,PlayMusic
2024,BookRestaurant
2025,AddToPlaylist
2026,RateBook
2027,PlayMusic
2028,SearchCreativeWork
2029,SearchScreeningEvent
2030,RateBook
2031,RateBook
2032,AddToPlaylist
2033,RateBook
2034,SearchScreeningEvent
2035,BookRestaurant
2036,BookRestaurant
2037,GetWeather
2038,GetWeather
2039,PlayMusic
2040,SearchCreativeWork
2041,RateBook
2042,BookRestaurant
2043,GetWeather
2044,AddToPlaylist
2045,SearchScreeningEvent
2046,AddToPlaylist
2047,PlayMusic
2048,RateBook
2049,AddToPlaylist
2050,BookRestaurant
2051,RateBook
2052,PlayMusic
2053,BookRestaurant
2054,BookRestaurant
2055,GetWeather
2056,BookRestaurant
2057,RateBook
2058,SearchCreativeWork
2059,PlayMusic
2060,AddToPlaylist
2061,PlayMusic
2062,AddToPlaylist
2063,PlayMusic
2064,BookRestaurant
2065,GetWeather
2066,SearchCreativeWork
2067,SearchScreeningEvent
2068,GetWeather
2069,AddToPlaylist
2070,AddToPlaylist
2071,BookRestaurant
2072,BookRestaurant
2073,SearchScreeningEvent
2074,AddToPlaylist
2075,SearchScreeningEvent
2076,AddToPlaylist
2077,SearchScreeningEvent
2078,GetWeather
2079,SearchScreeningEvent
2080,SearchScreeningEvent
2081,AddToPlaylist
2082,AddToPlaylist
2083,SearchCreativeWork
2084,PlayMusic
2085,SearchCreativeWork
2086,AddToPlaylist
2087,SearchScreeningEvent
2088,SearchCreativeWork
2089,SearchCreativeWork
2090,SearchScreeningEvent
2091,BookRestaurant
2092,SearchCreativeWork
2093,BookRestaurant
2094,SearchCreativeWork
2095,RateBook
2096,PlayMusic
2097,GetWeather
2098,BookRestaurant
2099,PlayMusic
2100,PlayMusic
2101,SearchCreativeWork
2102,BookRestaurant
2103,AddToPlaylist
2104,SearchCreativeWork
2105,SearchScreeningEvent
2106,SearchCreativeWork
2107,RateBook
2108,GetWeather
2109,SearchCreativeWork
2110,RateBook
2111,GetWeather
2112,BookRestaurant
2113,SearchCreativeWork
2114,AddToPlaylist
2115,SearchCreativeWork
2116,RateBook
2117,SearchCreativeWork
2118,BookRestaurant
2119,RateBook
2120,GetWeather
2121,AddToPlaylist
2122,PlayMusic
2123,SearchCreativeWork
2124,SearchScreeningEvent
2125,GetWeather
2126,SearchScreeningEvent
2127,BookRestaurant
2128,SearchScreeningEvent
2129,RateBook
2130,SearchScreeningEvent
2131,RateBook
2132,BookRestaurant
2133,GetWeather
2134,GetWeather
2135,BookRestaurant
2136,RateBook
2137,BookRestaurant
2138,GetWeather
2139,BookRestaurant
2140,SearchCreativeWork
2141,SearchScreeningEvent
2142,SearchScreeningEvent
2143,AddToPlaylist
2144,BookRestaurant
2145,RateBook
2146,SearchScreeningEvent
2147,PlayMusic
2148,GetWeather
2149,GetWeather
2150,PlayMusic
2151,RateBook
2152,SearchScreeningEvent
2153,SearchCreativeWork
2154,RateBook
2155,BookRestaurant
2156,SearchCreativeWork
2157,SearchScreeningEvent
2158,AddToPlaylist
2159,AddToPlaylist
2160,RateBook
2161,PlayMusic
2162,PlayMusic
2163,BookRestaurant
2164,AddToPlaylist
2165,PlayMusic
2166,AddToPlaylist
2167,GetWeather
2168,AddToPlaylist
2169,RateBook
2170,GetWeather
2171,AddToPlaylist
2172,SearchScreeningEvent
2173,SearchScreeningEvent
2174,SearchScreeningEvent
2175,GetWeather
2176,PlayMusic
2177,PlayMusic
2178,RateBook
2179,RateBook
2180,SearchCreativeWork
2181,RateBook
2182,AddToPlaylist
2183,SearchCreativeWork
2184,BookRestaurant
2185,SearchCreativeWork
2186,PlayMusic
2187,AddToPlaylist
2188,BookRestaurant
2189,SearchScreeningEvent
2190,AddToPlaylist
2191,AddToPlaylist
2192,GetWeather
2193,SearchScreeningEvent
2194,GetWeather
2195,PlayMusic
2196,SearchCreativeWork
2197,PlayMusic
2198,BookRestaurant
2199,AddToPlaylist
2200,AddToPlaylist
2201,SearchScreeningEvent
2202,BookRestaurant
2203,AddToPlaylist
2204,SearchScreeningEvent
2205,RateBook
2206,RateBook
2207,AddToPlaylist
2208,BookRestaurant
2209,GetWeather
2210,GetWeather
2211,AddToPlaylist
2212,RateBook
2213,BookRestaurant
2214,BookRestaurant
2215,RateBook
2216,PlayMusic
2217,BookRestaurant
2218,BookRestaurant
2219,AddToPlaylist
2220,GetWeather
2221,AddToPlaylist
2222,RateBook
2223,GetWeather
2224,GetWeather
2225,BookRestaurant
2226,PlayMusic
2227,GetWeather
2228,SearchCreativeWork
2229,SearchScreeningEvent
2230,RateBook
2231,GetWeather
2232,SearchScreeningEvent
2233,AddToPlaylist
2234,PlayMusic
2235,BookRestaurant
2236,RateBook
2237,BookRestaurant
2238,BookRestaurant
2239,BookRestaurant
2240,BookRestaurant
2241,SearchCreativeWork
2242,SearchCreativeWork
2243,PlayMusic
2244,BookRestaurant
2245,BookRestaurant
2246,BookRestaurant
2247,SearchScreeningEvent
2248,SearchScreeningEvent
2249,SearchScreeningEvent
2250,BookRestaurant
2251,BookRestaurant
2252,BookRestaurant
2253,SearchScreeningEvent
2254,SearchScreeningEvent
2255,AddToPlaylist
2256,SearchCreativeWork
2257,RateBook
2258,SearchScreeningEvent
2259,SearchCreativeWork
2260,RateBook
2261,AddToPlaylist
2262,SearchCreativeWork
2263,GetWeather
2264,BookRestaurant
2265,GetWeather
2266,RateBook
2267,PlayMusic
2268,PlayMusic
2269,PlayMusic
2270,RateBook
2271,PlayMusic
2272,SearchCreativeWork
2273,RateBook
2274,BookRestaurant
2275,SearchScreeningEvent
2276,RateBook
2277,PlayMusic
2278,RateBook
2279,SearchScreeningEvent
2280,BookRestaurant
2281,GetWeather
2282,GetWeather
2283,PlayMusic
2284,AddToPlaylist
2285,RateBook
2286,SearchCreativeWork
2287,AddToPlaylist
2288,SearchScreeningEvent
2289,RateBook
2290,SearchScreeningEvent
2291,PlayMusic
2292,GetWeather
2293,GetWeather
2294,SearchCreativeWork
2295,PlayMusic
2296,PlayMusic
2297,AddToPlaylist
2298,RateBook
2299,PlayMusic
2300,PlayMusic
2301,SearchCreativeWork
2302,AddToPlaylist
2303,SearchScreeningEvent
2304,RateBook
2305,RateBook
2306,GetWeather
2307,SearchCreativeWork
2308,SearchCreativeWork
2309,RateBook
2310,SearchCreativeWork
2311,PlayMusic
2312,BookRestaurant
2313,AddToPlaylist
2314,RateBook
2315,SearchCreativeWork
2316,RateBook
2317,PlayMusic
2318,GetWeather
2319,GetWeather
2320,AddToPlaylist
2321,SearchCreativeWork
2322,RateBook
2323,PlayMusic
2324,SearchScreeningEvent
2325,SearchCreativeWork
2326,SearchCreativeWork
2327,BookRestaurant
2328,GetWeather
2329,RateBook
2330,SearchScreeningEvent
2331,SearchScreeningEvent
2332,GetWeather
2333,BookRestaurant
2334,SearchScreeningEvent
2335,GetWeather
2336,SearchCreativeWork
2337,GetWeather
2338,SearchScreeningEvent
2339,GetWeather
2340,SearchScreeningEvent
2341,SearchScreeningEvent
2342,SearchCreativeWork
2343,SearchScreeningEvent
2344,SearchCreativeWork
2345,SearchScreeningEvent
2346,BookRestaurant
2347,BookRestaurant
2348,RateBook
2349,RateBook
2350,PlayMusic
2351,BookRestaurant
2352,BookRestaurant
2353,GetWeather
2354,PlayMusic
2355,GetWeather
2356,SearchScreeningEvent
2357,AddToPlaylist
2358,BookRestaurant
2359,SearchCreativeWork
2360,BookRestaurant
2361,AddToPlaylist
2362,AddToPlaylist
2363,PlayMusic
2364,GetWeather
2365,SearchCreativeWork
2366,PlayMusic
2367,RateBook
2368,SearchScreeningEvent
2369,SearchCreativeWork
2370,SearchCreativeWork
2371,PlayMusic
2372,PlayMusic
2373,SearchScreeningEvent
2374,SearchScreeningEvent
2375,AddToPlaylist
2376,RateBook
2377,RateBook
2378,SearchScreeningEvent
2379,PlayMusic
2380,AddToPlaylist
2381,GetWeather
2382,AddToPlaylist
2383,GetWeather
2384,PlayMusic
2385,SearchScreeningEvent
2386,RateBook
2387,PlayMusic
2388,AddToPlaylist
2389,GetWeather
2390,SearchCreativeWork
2391,AddToPlaylist
2392,SearchScreeningEvent
2393,SearchCreativeWork
2394,SearchScreeningEvent
2395,AddToPlaylist
2396,SearchScreeningEvent
2397,BookRestaurant
2398,SearchScreeningEvent
2399,GetWeather
2400,GetWeather
2401,PlayMusic
2402,BookRestaurant
2403,RateBook
2404,RateBook
2405,RateBook
2406,SearchCreativeWork
2407,SearchCreativeWork
2408,SearchScreeningEvent
2409,BookRestaurant
2410,BookRestaurant
2411,AddToPlaylist
2412,SearchCreativeWork
2413,SearchCreativeWork
2414,SearchCreativeWork
2415,PlayMusic
2416,GetWeather
2417,AddToPlaylist
2418,SearchCreativeWork
2419,RateBook
2420,SearchScreeningEvent
2421,RateBook
2422,RateBook
2423,SearchScreeningEvent
2424,SearchScreeningEvent
2425,PlayMusic
2426,RateBook
2427,GetWeather
2428,SearchScreeningEvent
2429,SearchScreeningEvent
2430,SearchScreeningEvent
2431,GetWeather
2432,AddToPlaylist
2433,BookRestaurant
2434,SearchCreativeWork
2435,SearchCreativeWork
2436,RateBook
2437,RateBook
2438,GetWeather
2439,BookRestaurant
2440,SearchCreativeWork
2441,RateBook
2442,PlayMusic
2443,GetWeather
2444,SearchScreeningEvent
2445,RateBook
2446,SearchScreeningEvent
2447,GetWeather
2448,SearchCreativeWork
2449,AddToPlaylist
2450,RateBook
2451,BookRestaurant
2452,PlayMusic
2453,PlayMusic
2454,PlayMusic
2455,GetWeather
2456,GetWeather
2457,SearchScreeningEvent
2458,PlayMusic
2459,SearchCreativeWork
2460,AddToPlaylist
2461,GetWeather
2462,SearchScreeningEvent
2463,AddToPlaylist
2464,PlayMusic
2465,RateBook
2466,SearchCreativeWork
2467,PlayMusic
2468,PlayMusic
2469,SearchScreeningEvent
2470,GetWeather
2471,RateBook
2472,SearchScreeningEvent
2473,SearchCreativeWork
2474,SearchScreeningEvent
2475,BookRestaurant
2476,SearchCreativeWork
2477,AddToPlaylist
2478,RateBook
2479,AddToPlaylist
2480,AddToPlaylist
2481,PlayMusic
2482,GetWeather
2483,BookRestaurant
2484,SearchCreativeWork
2485,SearchScreeningEvent
2486,AddToPlaylist
2487,GetWeather
2488,GetWeather
2489,AddToPlaylist
2490,SearchCreativeWork
2491,BookRestaurant
2492,AddToPlaylist
2493,SearchCreativeWork
2494,PlayMusic
2495,PlayMusic
2496,PlayMusic
2497,SearchCreativeWork
2498,GetWeather
2499,RateBook
2500,PlayMusic
2501,BookRestaurant
2502,RateBook
2503,BookRestaurant
2504,AddToPlaylist
2505,SearchScreeningEvent
2506,BookRestaurant
2507,RateBook
2508,GetWeather
2509,BookRestaurant
2510,RateBook
2511,SearchScreeningEvent
2512,BookRestaurant
2513,GetWeather
2514,RateBook
2515,SearchScreeningEvent
2516,SearchScreeningEvent
2517,GetWeather
2518,SearchScreeningEvent
2519,BookRestaurant
2520,RateBook
2521,BookRestaurant
2522,SearchCreativeWork
2523,AddToPlaylist
2524,AddToPlaylist
2525,AddToPlaylist
2526,GetWeather
2527,BookRestaurant
2528,GetWeather
2529,PlayMusic
2530,PlayMusic
2531,BookRestaurant
2532,RateBook
2533,BookRestaurant
2534,PlayMusic
2535,PlayMusic
2536,BookRestaurant
2537,AddToPlaylist
2538,SearchScreeningEvent
2539,GetWeather
2540,AddToPlaylist
2541,SearchScreeningEvent
2542,GetWeather
2543,AddToPlaylist
2544,SearchCreativeWork
2545,PlayMusic
2546,PlayMusic
2547,SearchCreativeWork
2548,GetWeather
2549,GetWeather
2550,PlayMusic
2551,RateBook
2552,BookRestaurant
2553,RateBook
2554,AddToPlaylist
2555,SearchCreativeWork
2556,SearchCreativeWork
2557,GetWeather
2558,SearchCreativeWork
2559,GetWeather
2560,RateBook
2561,PlayMusic
2562,RateBook
2563,AddToPlaylist
2564,BookRestaurant
2565,RateBook
2566,BookRestaurant
2567,PlayMusic
2568,RateBook
2569,SearchScreeningEvent
2570,SearchCreativeWork
2571,SearchScreeningEvent
2572,AddToPlaylist
2573,BookRestaurant
2574,SearchCreativeWork
2575,SearchCreativeWork
2576,SearchCreativeWork
2577,PlayMusic
2578,RateBook
2579,SearchCreativeWork
2580,SearchScreeningEvent
2581,RateBook
2582,SearchScreeningEvent
2583,AddToPlaylist
2584,SearchCreativeWork
2585,AddToPlaylist
2586,AddToPlaylist
2587,PlayMusic
2588,PlayMusic
2589,AddToPlaylist
2590,RateBook
2591,AddToPlaylist
2592,BookRestaurant
2593,BookRestaurant
2594,AddToPlaylist
2595,AddToPlaylist
2596,AddToPlaylist
2597,RateBook
2598,GetWeather
2599,RateBook
2600,SearchCreativeWork
2601,SearchScreeningEvent
2602,PlayMusic
2603,SearchScreeningEvent
2604,PlayMusic
2605,RateBook
2606,AddToPlaylist
2607,BookRestaurant
2608,GetWeather
2609,PlayMusic
2610,PlayMusic
2611,SearchCreativeWork
2612,PlayMusic
2613,RateBook
2614,GetWeather
2615,SearchScreeningEvent
2616,BookRestaurant
2617,SearchCreativeWork
2618,GetWeather
2619,SearchCreativeWork
2620,SearchScreeningEvent
2621,RateBook
2622,SearchScreeningEvent
2623,BookRestaurant
2624,RateBook
2625,PlayMusic
2626,SearchScreeningEvent
2627,PlayMusic
2628,BookRestaurant
2629,SearchCreativeWork
2630,BookRestaurant
2631,GetWeather
2632,SearchScreeningEvent
2633,GetWeather
2634,RateBook
2635,BookRestaurant
2636,SearchScreeningEvent
2637,BookRestaurant
2638,BookRestaurant
2639,AddToPlaylist
2640,GetWeather
2641,RateBook
2642,GetWeather
2643,BookRestaurant
2644,BookRestaurant
2645,RateBook
2646,GetWeather
2647,RateBook
2648,SearchScreeningEvent
2649,PlayMusic
2650,PlayMusic
2651,SearchScreeningEvent
2652,GetWeather
2653,GetWeather
2654,GetWeather
2655,SearchScreeningEvent
2656,RateBook
2657,GetWeather
2658,GetWeather
2659,PlayMusic
2660,GetWeather
2661,BookRestaurant
2662,RateBook
2663,SearchScreeningEvent
2664,GetWeather
2665,GetWeather
2666,GetWeather
2667,PlayMusic
2668,GetWeather
2669,PlayMusic
2670,GetWeather
2671,SearchScreeningEvent
2672,PlayMusic
2673,PlayMusic
2674,AddToPlaylist
2675,GetWeather
2676,GetWeather
2677,PlayMusic
2678,GetWeather
2679,SearchScreeningEvent
2680,SearchCreativeWork
2681,GetWeather
2682,PlayMusic
2683,SearchScreeningEvent
2684,BookRestaurant
2685,GetWeather
2686,PlayMusic
2687,SearchCreativeWork
2688,RateBook
2689,SearchCreativeWork
2690,PlayMusic
2691,BookRestaurant
2692,RateBook
2693,SearchCreativeWork
2694,GetWeather
2695,SearchCreativeWork
2696,SearchCreativeWork
2697,SearchScreeningEvent
2698,PlayMusic
2699,AddToPlaylist
2700,GetWeather
2701,GetWeather
2702,AddToPlaylist
2703,SearchScreeningEvent
2704,GetWeather
2705,GetWeather
2706,SearchScreeningEvent
2707,AddToPlaylist
2708,RateBook
2709,GetWeather
2710,BookRestaurant
2711,GetWeather
2712,GetWeather
2713,PlayMusic
2714,RateBook
2715,GetWeather
2716,AddToPlaylist
2717,PlayMusic
2718,PlayMusic
2719,SearchScreeningEvent
2720,SearchCreativeWork
2721,PlayMusic
2722,RateBook
2723,PlayMusic
2724,RateBook
2725,SearchScreeningEvent
2726,SearchScreeningEvent
2727,BookRestaurant
2728,BookRestaurant
2729,RateBook
2730,RateBook
2731,PlayMusic
2732,RateBook
2733,SearchScreeningEvent
2734,PlayMusic
2735,RateBook
2736,GetWeather
2737,AddToPlaylist
2738,SearchScreeningEvent
2739,AddToPlaylist
2740,BookRestaurant
2741,BookRestaurant
2742,PlayMusic
2743,AddToPlaylist
2744,PlayMusic
2745,BookRestaurant
2746,GetWeather
2747,AddToPlaylist
2748,GetWeather
2749,GetWeather
2750,BookRestaurant
2751,SearchCreativeWork
2752,GetWeather
2753,PlayMusic
2754,PlayMusic
2755,PlayMusic
2756,RateBook
2757,SearchScreeningEvent
2758,BookRestaurant
2759,PlayMusic
2760,SearchCreativeWork
2761,SearchCreativeWork
2762,PlayMusic
2763,SearchCreativeWork
2764,SearchScreeningEvent
2765,SearchCreativeWork
2766,BookRestaurant
2767,RateBook
2768,SearchCreativeWork
2769,SearchScreeningEvent
2770,AddToPlaylist
2771,BookRestaurant
2772,AddToPlaylist
2773,GetWeather
2774,SearchScreeningEvent
2775,RateBook
2776,RateBook
2777,PlayMusic
2778,RateBook
2779,SearchCreativeWork
2780,BookRestaurant
2781,SearchScreeningEvent
2782,AddToPlaylist
2783,SearchCreativeWork
2784,RateBook
2785,GetWeather
2786,SearchCreativeWork
2787,SearchScreeningEvent
2788,SearchScreeningEvent
2789,SearchScreeningEvent
2790,AddToPlaylist
2791,AddToPlaylist
2792,GetWeather
2793,AddToPlaylist
2794,PlayMusic
2795,BookRestaurant
2796,PlayMusic
2797,PlayMusic
2798,GetWeather
2799,GetWeather
2800,SearchScreeningEvent
2801,SearchScreeningEvent
2802,GetWeather
2803,RateBook
2804,BookRestaurant
2805,BookRestaurant
2806,PlayMusic
2807,AddToPlaylist
2808,BookRestaurant
2809,PlayMusic
2810,SearchScreeningEvent
2811,PlayMusic
2812,SearchCreativeWork
2813,BookRestaurant
2814,RateBook
2815,PlayMusic
2816,BookRestaurant
2817,PlayMusic
2818,BookRestaurant
2819,GetWeather
2820,PlayMusic
2821,SearchScreeningEvent
2822,BookRestaurant
2823,PlayMusic
2824,AddToPlaylist
2825,BookRestaurant
2826,BookRestaurant
2827,PlayMusic
2828,GetWeather
2829,PlayMusic
2830,PlayMusic
2831,AddToPlaylist
2832,GetWeather
2833,RateBook
2834,SearchCreativeWork
2835,SearchCreativeWork
2836,SearchScreeningEvent
2837,BookRestaurant
2838,BookRestaurant
2839,BookRestaurant
2840,SearchCreativeWork
2841,AddToPlaylist
2842,AddToPlaylist
2843,AddToPlaylist
2844,GetWeather
2845,SearchCreativeWork
2846,SearchCreativeWork
2847,AddToPlaylist
2848,SearchCreativeWork
2849,RateBook
2850,RateBook
2851,SearchScreeningEvent
2852,SearchCreativeWork
2853,GetWeather
2854,PlayMusic
2855,BookRestaurant
2856,SearchScreeningEvent
2857,AddToPlaylist
2858,BookRestaurant
2859,RateBook
2860,AddToPlaylist
2861,SearchScreeningEvent
2862,AddToPlaylist
2863,RateBook
2864,SearchScreeningEvent
2865,PlayMusic
2866,PlayMusic
2867,AddToPlaylist
2868,PlayMusic
2869,GetWeather
2870,PlayMusic
2871,PlayMusic
2872,AddToPlaylist
2873,BookRestaurant
2874,SearchCreativeWork
2875,BookRestaurant
2876,AddToPlaylist
2877,SearchScreeningEvent
2878,SearchCreativeWork
2879,PlayMusic
2880,RateBook
2881,BookRestaurant
2882,GetWeather
2883,SearchCreativeWork
2884,PlayMusic
2885,BookRestaurant
2886,SearchScreeningEvent
2887,SearchScreeningEvent
2888,AddToPlaylist
2889,AddToPlaylist
2890,AddToPlaylist
2891,SearchScreeningEvent
2892,PlayMusic
2893,BookRestaurant
2894,BookRestaurant
2895,SearchScreeningEvent
2896,GetWeather
2897,SearchCreativeWork
2898,GetWeather
2899,GetWeather
2900,SearchCreativeWork
2901,SearchScreeningEvent
2902,AddToPlaylist
2903,PlayMusic
2904,RateBook
2905,GetWeather
2906,SearchScreeningEvent
2907,SearchScreeningEvent
2908,RateBook
2909,GetWeather
2910,RateBook
2911,BookRestaurant
2912,AddToPlaylist
2913,GetWeather
2914,SearchCreativeWork
2915,PlayMusic
2916,BookRestaurant
2917,AddToPlaylist
2918,PlayMusic
2919,PlayMusic
2920,BookRestaurant
2921,SearchCreativeWork
2922,SearchScreeningEvent
2923,RateBook
2924,SearchScreeningEvent
2925,PlayMusic
2926,RateBook
2927,BookRestaurant
2928,GetWeather
2929,PlayMusic
2930,SearchScreeningEvent
2931,BookRestaurant
2932,GetWeather
2933,BookRestaurant
2934,SearchCreativeWork
2935,SearchScreeningEvent
2936,RateBook
2937,SearchScreeningEvent
2938,AddToPlaylist
2939,GetWeather
2940,PlayMusic
2941,AddToPlaylist
2942,PlayMusic
2943,PlayMusic
2944,AddToPlaylist
2945,SearchScreeningEvent
2946,SearchScreeningEvent
2947,SearchCreativeWork
2948,SearchScreeningEvent
2949,SearchScreeningEvent
2950,GetWeather
2951,SearchCreativeWork
2952,RateBook
2953,BookRestaurant
2954,PlayMusic
2955,RateBook
2956,BookRestaurant
2957,BookRestaurant
2958,SearchCreativeWork
2959,GetWeather
2960,RateBook
2961,SearchCreativeWork
2962,BookRestaurant
2963,GetWeather
2964,AddToPlaylist
2965,AddToPlaylist
2966,SearchScreeningEvent
2967,PlayMusic
2968,BookRestaurant
2969,GetWeather
2970,SearchScreeningEvent
2971,SearchScreeningEvent
2972,GetWeather
2973,SearchCreativeWork
2974,SearchCreativeWork
2975,SearchCreativeWork
2976,SearchCreativeWork
2977,SearchScreeningEvent
2978,GetWeather
2979,SearchCreativeWork
2980,RateBook
2981,SearchScreeningEvent
2982,BookRestaurant
2983,SearchScreeningEvent
2984,SearchScreeningEvent
2985,BookRestaurant
2986,SearchScreeningEvent
2987,PlayMusic
2988,AddToPlaylist
2989,AddToPlaylist
2990,PlayMusic
2991,GetWeather
2992,GetWeather
2993,AddToPlaylist
2994,AddToPlaylist
2995,BookRestaurant
2996,BookRestaurant
2997,SearchScreeningEvent
2998,SearchCreativeWork
2999,BookRestaurant
3000,BookRestaurant
3001,RateBook
3002,PlayMusic
3003,SearchScreeningEvent
3004,BookRestaurant
3005,BookRestaurant
3006,AddToPlaylist
3007,SearchCreativeWork
3008,GetWeather
3009,SearchCreativeWork
3010,GetWeather
3011,BookRestaurant
3012,BookRestaurant
3013,RateBook
3014,PlayMusic
3015,SearchCreativeWork
3016,RateBook
3017,GetWeather
3018,SearchCreativeWork
3019,PlayMusic
3020,SearchScreeningEvent
3021,GetWeather
3022,BookRestaurant
3023,GetWeather
3024,SearchCreativeWork
3025,PlayMusic
3026,BookRestaurant
3027,PlayMusic
3028,AddToPlaylist
3029,AddToPlaylist
3030,PlayMusic
3031,SearchScreeningEvent
3032,BookRestaurant
3033,RateBook
3034,SearchScreeningEvent
3035,AddToPlaylist
3036,SearchCreativeWork
3037,PlayMusic
3038,BookRestaurant
3039,AddToPlaylist
3040,RateBook
3041,SearchCreativeWork
3042,SearchScreeningEvent
3043,GetWeather
3044,SearchScreeningEvent
3045,AddToPlaylist
3046,PlayMusic
3047,BookRestaurant
3048,AddToPlaylist
3049,AddToPlaylist
3050,RateBook
3051,PlayMusic
3052,GetWeather
3053,SearchCreativeWork
3054,RateBook
3055,PlayMusic
3056,SearchCreativeWork
3057,PlayMusic
3058,SearchCreativeWork
3059,BookRestaurant
3060,BookRestaurant
3061,PlayMusic
3062,RateBook
3063,AddToPlaylist
3064,PlayMusic
3065,GetWeather
3066,PlayMusic
3067,GetWeather
3068,RateBook
3069,RateBook
3070,RateBook
3071,GetWeather
3072,RateBook
3073,RateBook
3074,RateBook
3075,PlayMusic
3076,SearchScreeningEvent
3077,SearchScreeningEvent
3078,PlayMusic
3079,GetWeather
3080,GetWeather
3081,PlayMusic
3082,GetWeather
3083,RateBook
3084,SearchScreeningEvent
3085,BookRestaurant
3086,RateBook
3087,RateBook
3088,SearchScreeningEvent
3089,GetWeather
3090,BookRestaurant
3091,AddToPlaylist
3092,SearchScreeningEvent
3093,GetWeather
3094,GetWeather
3095,SearchScreeningEvent
3096,BookRestaurant
3097,AddToPlaylist
3098,PlayMusic
3099,SearchCreativeWork
3100,PlayMusic
3101,SearchCreativeWork
3102,BookRestaurant
3103,SearchScreeningEvent
3104,SearchCreativeWork
3105,RateBook
3106,SearchScreeningEvent
3107,RateBook
3108,SearchScreeningEvent
3109,RateBook
3110,SearchScreeningEvent
3111,SearchCreativeWork
3112,PlayMusic
3113,GetWeather
3114,SearchScreeningEvent
3115,SearchScreeningEvent
3116,RateBook
3117,GetWeather
3118,GetWeather
3119,PlayMusic
3120,BookRestaurant
3121,AddToPlaylist
3122,PlayMusic
3123,BookRestaurant
3124,SearchCreativeWork
3125,AddToPlaylist
3126,SearchScreeningEvent
3127,GetWeather
3128,AddToPlaylist
3129,SearchCreativeWork
3130,RateBook
3131,SearchScreeningEvent
3132,AddToPlaylist
3133,AddToPlaylist
3134,SearchScreeningEvent
3135,SearchScreeningEvent
3136,AddToPlaylist
3137,RateBook
3138,PlayMusic
3139,RateBook
3140,SearchCreativeWork
3141,BookRestaurant
3142,AddToPlaylist
3143,RateBook
3144,SearchScreeningEvent
3145,SearchScreeningEvent
3146,PlayMusic
3147,GetWeather
3148,GetWeather
3149,BookRestaurant
3150,BookRestaurant
3151,AddToPlaylist
3152,PlayMusic
3153,RateBook
3154,SearchScreeningEvent
3155,GetWeather
3156,GetWeather
3157,SearchScreeningEvent
3158,PlayMusic
3159,PlayMusic
3160,AddToPlaylist
3161,GetWeather
3162,BookRestaurant
3163,SearchScreeningEvent
3164,GetWeather
3165,AddToPlaylist
3166,PlayMusic
3167,AddToPlaylist
3168,PlayMusic
3169,GetWeather
3170,AddToPlaylist
3171,GetWeather
3172,PlayMusic
3173,PlayMusic
3174,GetWeather
3175,SearchCreativeWork
3176,SearchScreeningEvent
3177,BookRestaurant
3178,AddToPlaylist
3179,SearchScreeningEvent
3180,BookRestaurant
3181,GetWeather
3182,BookRestaurant
3183,SearchCreativeWork
3184,SearchCreativeWork
3185,RateBook
3186,GetWeather
3187,AddToPlaylist
3188,RateBook
3189,SearchCreativeWork
3190,AddToPlaylist
3191,AddToPlaylist
3192,SearchScreeningEvent
3193,BookRestaurant
3194,SearchCreativeWork
3195,BookRestaurant
3196,RateBook
3197,SearchCreativeWork
3198,BookRestaurant
3199,RateBook
3200,RateBook
3201,SearchCreativeWork
3202,AddToPlaylist
3203,AddToPlaylist
3204,SearchCreativeWork
3205,BookRestaurant
3206,GetWeather
3207,RateBook
3208,PlayMusic
3209,PlayMusic
3210,SearchScreeningEvent
3211,SearchScreeningEvent
3212,BookRestaurant
3213,SearchScreeningEvent
3214,GetWeather
3215,GetWeather
3216,AddToPlaylist
3217,GetWeather
3218,SearchCreativeWork
3219,PlayMusic
3220,SearchCreativeWork
3221,SearchScreeningEvent
3222,BookRestaurant
3223,SearchCreativeWork
3224,AddToPlaylist
3225,AddToPlaylist
3226,PlayMusic
3227,BookRestaurant
3228,RateBook
3229,SearchCreativeWork
3230,AddToPlaylist
3231,GetWeather
3232,SearchScreeningEvent
3233,SearchCreativeWork
3234,BookRestaurant
3235,SearchScreeningEvent
3236,SearchCreativeWork
3237,SearchCreativeWork
3238,SearchScreeningEvent
3239,SearchCreativeWork
3240,RateBook
3241,AddToPlaylist
3242,AddToPlaylist
3243,PlayMusic
3244,GetWeather
3245,RateBook
3246,SearchScreeningEvent
3247,RateBook
3248,SearchScreeningEvent
3249,AddToPlaylist
3250,SearchCreativeWork
3251,RateBook
3252,GetWeather
3253,BookRestaurant
3254,SearchScreeningEvent
3255,SearchScreeningEvent
3256,RateBook
3257,PlayMusic
3258,RateBook
3259,GetWeather
3260,AddToPlaylist
3261,SearchCreativeWork
3262,BookRestaurant
3263,RateBook
3264,BookRestaurant
3265,PlayMusic
3266,BookRestaurant
3267,RateBook
3268,BookRestaurant
3269,BookRestaurant
3270,BookRestaurant
3271,GetWeather
3272,AddToPlaylist
3273,PlayMusic
3274,GetWeather
3275,GetWeather
3276,SearchScreeningEvent
3277,PlayMusic
3278,GetWeather
3279,PlayMusic
3280,SearchCreativeWork
3281,AddToPlaylist
3282,AddToPlaylist
3283,RateBook
3284,RateBook
3285,PlayMusic
3286,GetWeather
3287,SearchScreeningEvent
3288,AddToPlaylist
3289,SearchScreeningEvent
3290,AddToPlaylist
3291,RateBook
3292,AddToPlaylist
3293,PlayMusic
3294,AddToPlaylist
3295,SearchCreativeWork
3296,SearchScreeningEvent
3297,PlayMusic
3298,AddToPlaylist
3299,RateBook
3300,AddToPlaylist
3301,PlayMusic
3302,BookRestaurant
3303,GetWeather
3304,BookRestaurant
3305,GetWeather
3306,PlayMusic
3307,SearchCreativeWork
3308,GetWeather
3309,RateBook
3310,BookRestaurant
3311,AddToPlaylist
3312,SearchScreeningEvent
3313,SearchScreeningEvent
3314,SearchScreeningEvent
3315,SearchScreeningEvent
3316,RateBook
3317,GetWeather
3318,RateBook
3319,RateBook
3320,GetWeather
3321,GetWeather
3322,PlayMusic
3323,RateBook
3324,SearchCreativeWork
3325,PlayMusic
3326,PlayMusic
3327,RateBook
3328,RateBook
3329,GetWeather
3330,AddToPlaylist
3331,GetWeather
3332,GetWeather
3333,GetWeather
3334,GetWeather
3335,AddToPlaylist
3336,GetWeather
3337,RateBook
3338,SearchCreativeWork
3339,SearchScreeningEvent
3340,BookRestaurant
3341,PlayMusic
3342,BookRestaurant
3343,BookRestaurant
3344,GetWeather
3345,RateBook
3346,BookRestaurant
3347,AddToPlaylist
3348,SearchScreeningEvent
3349,RateBook
3350,BookRestaurant
3351,SearchCreativeWork
3352,PlayMusic
3353,SearchCreativeWork
3354,SearchScreeningEvent
3355,AddToPlaylist
3356,RateBook
3357,AddToPlaylist
3358,SearchScreeningEvent
3359,BookRestaurant
3360,SearchCreativeWork
3361,SearchScreeningEvent
3362,RateBook
3363,RateBook
3364,PlayMusic
3365,RateBook
3366,PlayMusic
3367,PlayMusic
3368,PlayMusic
3369,GetWeather
3370,GetWeather
3371,RateBook
3372,GetWeather
3373,RateBook
3374,GetWeather
3375,RateBook
3376,PlayMusic
3377,SearchScreeningEvent
3378,SearchScreeningEvent
3379,GetWeather
3380,BookRestaurant
3381,RateBook
3382,GetWeather
3383,SearchCreativeWork
3384,PlayMusic
3385,AddToPlaylist
3386,SearchCreativeWork
3387,PlayMusic
3388,GetWeather
3389,SearchScreeningEvent
3390,SearchCreativeWork
3391,GetWeather
3392,SearchCreativeWork
3393,RateBook
3394,SearchCreativeWork
3395,RateBook
3396,SearchScreeningEvent
3397,RateBook
3398,GetWeather
3399,GetWeather
3400,PlayMusic
3401,SearchScreeningEvent
3402,RateBook
3403,PlayMusic
3404,GetWeather
3405,BookRestaurant
3406,PlayMusic
3407,SearchCreativeWork
3408,AddToPlaylist
3409,AddToPlaylist
3410,SearchScreeningEvent
3411,SearchScreeningEvent
3412,AddToPlaylist
3413,AddToPlaylist
3414,BookRestaurant
3415,SearchCreativeWork
3416,BookRestaurant
3417,GetWeather
3418,SearchScreeningEvent
3419,BookRestaurant
3420,SearchCreativeWork
3421,SearchCreativeWork
3422,GetWeather
3423,PlayMusic
3424,RateBook
3425,AddToPlaylist
3426,GetWeather
3427,GetWeather
3428,RateBook
3429,SearchScreeningEvent
3430,RateBook
3431,PlayMusic
3432,SearchCreativeWork
3433,SearchCreativeWork
3434,GetWeather
3435,BookRestaurant
3436,PlayMusic
3437,AddToPlaylist
3438,PlayMusic
3439,PlayMusic
3440,PlayMusic
3441,SearchScreeningEvent
3442,SearchScreeningEvent
3443,AddToPlaylist
3444,SearchCreativeWork
3445,PlayMusic
3446,GetWeather
3447,RateBook
3448,SearchScreeningEvent
3449,SearchScreeningEvent
3450,SearchCreativeWork
3451,AddToPlaylist
3452,RateBook
3453,BookRestaurant
3454,RateBook
3455,BookRestaurant
3456,SearchCreativeWork
3457,GetWeather
3458,AddToPlaylist
3459,GetWeather
3460,AddToPlaylist
3461,AddToPlaylist
3462,GetWeather
3463,AddToPlaylist
3464,RateBook
3465,AddToPlaylist
3466,SearchScreeningEvent
3467,BookRestaurant
3468,SearchScreeningEvent
3469,GetWeather
3470,SearchCreativeWork
3471,SearchCreativeWork
3472,PlayMusic
3473,SearchScreeningEvent
3474,BookRestaurant
3475,RateBook
3476,AddToPlaylist
3477,AddToPlaylist
3478,BookRestaurant
3479,SearchScreeningEvent
3480,AddToPlaylist
3481,GetWeather
3482,RateBook
3483,RateBook
3484,SearchCreativeWork
3485,SearchScreeningEvent
3486,SearchScreeningEvent
3487,PlayMusic
3488,PlayMusic
3489,PlayMusic
3490,SearchCreativeWork
3491,GetWeather
3492,RateBook
3493,GetWeather
3494,AddToPlaylist
3495,SearchScreeningEvent
3496,RateBook
3497,GetWeather
3498,GetWeather
3499,SearchCreativeWork
3500,AddToPlaylist
3501,RateBook
3502,BookRestaurant
3503,BookRestaurant
3504,RateBook
3505,PlayMusic
3506,GetWeather
3507,PlayMusic
3508,RateBook
3509,PlayMusic
3510,GetWeather
3511,GetWeather
3512,GetWeather
3513,GetWeather
3514,GetWeather
3515,RateBook
3516,BookRestaurant
3517,BookRestaurant
3518,GetWeather
3519,AddToPlaylist
3520,RateBook
3521,AddToPlaylist
3522,BookRestaurant
3523,AddToPlaylist
3524,GetWeather
3525,RateBook
3526,SearchCreativeWork
3527,SearchCreativeWork
3528,SearchScreeningEvent
3529,RateBook
3530,SearchScreeningEvent
3531,RateBook
3532,AddToPlaylist
3533,SearchCreativeWork
3534,BookRestaurant
3535,SearchScreeningEvent
3536,PlayMusic
3537,PlayMusic
3538,SearchScreeningEvent
3539,SearchCreativeWork
3540,SearchCreativeWork
3541,SearchCreativeWork
3542,RateBook
3543,GetWeather
3544,SearchScreeningEvent
3545,PlayMusic
3546,SearchScreeningEvent
3547,SearchScreeningEvent
3548,RateBook
3549,RateBook
3550,AddToPlaylist
3551,RateBook
3552,PlayMusic
3553,RateBook
3554,SearchCreativeWork
3555,RateBook
3556,SearchScreeningEvent
3557,SearchScreeningEvent
3558,RateBook
3559,RateBook
3560,AddToPlaylist
3561,BookRestaurant
3562,RateBook
3563,BookRestaurant
3564,SearchScreeningEvent
3565,SearchCreativeWork
3566,BookRestaurant
3567,RateBook
3568,BookRestaurant
3569,PlayMusic
3570,PlayMusic
3571,SearchCreativeWork
3572,SearchCreativeWork
3573,AddToPlaylist
3574,PlayMusic
3575,RateBook
3576,SearchScreeningEvent
3577,AddToPlaylist
3578,SearchCreativeWork
3579,PlayMusic
3580,RateBook
3581,PlayMusic
3582,GetWeather
3583,PlayMusic
3584,AddToPlaylist
3585,SearchScreeningEvent
3586,PlayMusic
3587,PlayMusic
3588,RateBook
3589,BookRestaurant
3590,SearchCreativeWork
3591,PlayMusic
3592,PlayMusic
3593,BookRestaurant
3594,BookRestaurant
3595,RateBook
3596,AddToPlaylist
3597,RateBook
3598,PlayMusic
3599,RateBook
3600,AddToPlaylist
3601,GetWeather
3602,PlayMusic
3603,AddToPlaylist
3604,PlayMusic
3605,PlayMusic
3606,BookRestaurant
3607,BookRestaurant
3608,SearchCreativeWork
3609,PlayMusic
3610,GetWeather
3611,AddToPlaylist
3612,BookRestaurant
3613,SearchScreeningEvent
3614,SearchCreativeWork
3615,SearchCreativeWork
3616,SearchCreativeWork
3617,RateBook
3618,BookRestaurant
3619,AddToPlaylist
3620,SearchCreativeWork
3621,BookRestaurant
3622,RateBook
3623,PlayMusic
3624,PlayMusic
3625,RateBook
3626,SearchCreativeWork
3627,PlayMusic
3628,RateBook
3629,SearchScreeningEvent
3630,GetWeather
3631,RateBook
3632,BookRestaurant
3633,SearchScreeningEvent
3634,BookRestaurant
3635,SearchCreativeWork
3636,SearchCreativeWork
3637,SearchCreativeWork
3638,PlayMusic
3639,RateBook
3640,SearchCreativeWork
3641,BookRestaurant
3642,SearchCreativeWork
3643,SearchScreeningEvent
3644,PlayMusic
3645,SearchScreeningEvent
3646,SearchCreativeWork
3647,RateBook
3648,BookRestaurant
3649,PlayMusic
3650,RateBook
3651,RateBook
3652,GetWeather
3653,SearchCreativeWork
3654,AddToPlaylist
3655,BookRestaurant
3656,GetWeather
3657,BookRestaurant
3658,BookRestaurant
3659,SearchScreeningEvent
3660,BookRestaurant
3661,RateBook
3662,SearchScreeningEvent
3663,PlayMusic
3664,PlayMusic
3665,SearchCreativeWork
3666,GetWeather
3667,SearchScreeningEvent
3668,SearchCreativeWork
3669,PlayMusic
3670,BookRestaurant
3671,BookRestaurant
3672,PlayMusic
3673,GetWeather
3674,GetWeather
3675,SearchScreeningEvent
3676,GetWeather
3677,BookRestaurant
3678,SearchCreativeWork
3679,SearchScreeningEvent
3680,SearchScreeningEvent
3681,AddToPlaylist
3682,SearchCreativeWork
3683,PlayMusic
3684,AddToPlaylist
3685,BookRestaurant
3686,BookRestaurant
3687,AddToPlaylist
3688,BookRestaurant
3689,RateBook
3690,GetWeather
3691,RateBook
3692,GetWeather
3693,SearchScreeningEvent
3694,AddToPlaylist
3695,SearchCreativeWork
3696,BookRestaurant
3697,SearchCreativeWork
3698,SearchScreeningEvent
3699,BookRestaurant
3700,AddToPlaylist
3701,BookRestaurant
3702,AddToPlaylist
3703,BookRestaurant
3704,SearchScreeningEvent
3705,BookRestaurant
3706,SearchScreeningEvent
3707,SearchCreativeWork
3708,BookRestaurant
3709,RateBook
3710,AddToPlaylist
3711,PlayMusic
3712,GetWeather
3713,AddToPlaylist
3714,BookRestaurant
3715,RateBook
3716,AddToPlaylist
3717,GetWeather
3718,GetWeather
3719,AddToPlaylist
3720,BookRestaurant
3721,BookRestaurant
3722,RateBook
3723,GetWeather
3724,BookRestaurant
3725,PlayMusic
3726,SearchCreativeWork
3727,RateBook
3728,AddToPlaylist
3729,BookRestaurant
3730,AddToPlaylist
3731,SearchCreativeWork
3732,SearchCreativeWork
3733,GetWeather
3734,SearchCreativeWork
3735,AddToPlaylist
3736,BookRestaurant
3737,BookRestaurant
3738,AddToPlaylist
3739,BookRestaurant
3740,GetWeather
3741,BookRestaurant
3742,PlayMusic
3743,SearchScreeningEvent
3744,AddToPlaylist
3745,SearchScreeningEvent
3746,BookRestaurant
3747,SearchCreativeWork
3748,GetWeather
3749,AddToPlaylist
3750,SearchScreeningEvent
3751,AddToPlaylist
3752,PlayMusic
3753,GetWeather
3754,SearchCreativeWork
3755,GetWeather
3756,GetWeather
3757,SearchScreeningEvent
3758,AddToPlaylist
3759,AddToPlaylist
3760,BookRestaurant
3761,GetWeather
3762,BookRestaurant
3763,SearchCreativeWork
3764,BookRestaurant
3765,AddToPlaylist
3766,AddToPlaylist
3767,PlayMusic
3768,PlayMusic
3769,GetWeather
3770,SearchScreeningEvent
3771,SearchScreeningEvent
3772,BookRestaurant
3773,RateBook
3774,RateBook
3775,GetWeather
3776,AddToPlaylist
3777,SearchScreeningEvent
3778,PlayMusic
3779,RateBook
3780,GetWeather
3781,SearchScreeningEvent
3782,SearchCreativeWork
3783,AddToPlaylist
3784,SearchScreeningEvent
3785,SearchScreeningEvent
3786,AddToPlaylist
3787,BookRestaurant
3788,AddToPlaylist
3789,SearchCreativeWork
3790,PlayMusic
3791,BookRestaurant
3792,GetWeather
3793,SearchScreeningEvent
3794,RateBook
3795,SearchScreeningEvent
3796,PlayMusic
3797,SearchScreeningEvent
3798,BookRestaurant
3799,AddToPlaylist
3800,GetWeather
3801,SearchCreativeWork
3802,AddToPlaylist
3803,SearchCreativeWork
3804,RateBook
3805,BookRestaurant
3806,GetWeather
3807,GetWeather
3808,BookRestaurant
3809,SearchScreeningEvent
3810,GetWeather
3811,BookRestaurant
3812,AddToPlaylist
3813,RateBook
3814,GetWeather
3815,BookRestaurant
3816,SearchCreativeWork
3817,SearchCreativeWork
3818,PlayMusic
3819,BookRestaurant
3820,RateBook
3821,GetWeather
3822,PlayMusic
3823,RateBook
3824,GetWeather
3825,AddToPlaylist
3826,PlayMusic
3827,RateBook
3828,AddToPlaylist
3829,PlayMusic
3830,BookRestaurant
3831,SearchCreativeWork
3832,BookRestaurant
3833,RateBook
3834,SearchScreeningEvent
3835,GetWeather
3836,AddToPlaylist
3837,PlayMusic
3838,SearchScreeningEvent
3839,SearchCreativeWork
3840,GetWeather
3841,BookRestaurant
3842,GetWeather
3843,SearchScreeningEvent
3844,BookRestaurant
3845,SearchScreeningEvent
3846,SearchScreeningEvent
3847,SearchCreativeWork
3848,SearchScreeningEvent
3849,BookRestaurant
3850,AddToPlaylist
3851,PlayMusic
3852,AddToPlaylist
3853,GetWeather
3854,BookRestaurant
3855,AddToPlaylist
3856,PlayMusic
3857,SearchScreeningEvent
3858,GetWeather
3859,AddToPlaylist
3860,BookRestaurant
3861,SearchScreeningEvent
3862,BookRestaurant
3863,SearchScreeningEvent
3864,PlayMusic
3865,RateBook
3866,AddToPlaylist
3867,BookRestaurant
3868,SearchScreeningEvent
3869,PlayMusic
3870,PlayMusic
3871,AddToPlaylist
3872,BookRestaurant
3873,RateBook
3874,GetWeather
3875,GetWeather
3876,SearchCreativeWork
3877,BookRestaurant
3878,BookRestaurant
3879,PlayMusic
3880,BookRestaurant
3881,SearchCreativeWork
3882,SearchScreeningEvent
3883,BookRestaurant
3884,PlayMusic
3885,SearchCreativeWork
3886,RateBook
3887,AddToPlaylist
3888,RateBook
3889,GetWeather
3890,PlayMusic
3891,BookRestaurant
3892,AddToPlaylist
3893,GetWeather
3894,RateBook
3895,AddToPlaylist
3896,AddToPlaylist
3897,RateBook
3898,BookRestaurant
3899,GetWeather
3900,GetWeather
3901,RateBook
3902,BookRestaurant
3903,GetWeather
3904,GetWeather
3905,SearchCreativeWork
3906,AddToPlaylist
3907,BookRestaurant
3908,SearchCreativeWork
3909,SearchCreativeWork
3910,PlayMusic
3911,BookRestaurant
3912,BookRestaurant
3913,GetWeather
3914,PlayMusic
3915,SearchScreeningEvent
3916,AddToPlaylist
3917,SearchScreeningEvent
3918,AddToPlaylist
3919,AddToPlaylist
3920,BookRestaurant
3921,BookRestaurant
3922,PlayMusic
3923,RateBook
3924,SearchCreativeWork
3925,AddToPlaylist
3926,AddToPlaylist
3927,SearchCreativeWork
3928,SearchScreeningEvent
3929,PlayMusic
3930,RateBook
3931,SearchScreeningEvent
3932,PlayMusic
3933,PlayMusic
3934,PlayMusic
3935,RateBook
3936,PlayMusic
3937,SearchScreeningEvent
3938,SearchScreeningEvent
3939,AddToPlaylist
3940,RateBook
3941,SearchScreeningEvent
3942,SearchCreativeWork
3943,AddToPlaylist
3944,BookRestaurant
3945,AddToPlaylist
3946,BookRestaurant
3947,SearchCreativeWork
3948,PlayMusic
3949,GetWeather
3950,BookRestaurant
3951,GetWeather
3952,SearchScreeningEvent
3953,RateBook
3954,SearchScreeningEvent
3955,BookRestaurant
3956,SearchCreativeWork
3957,PlayMusic
3958,SearchScreeningEvent
3959,SearchScreeningEvent
3960,SearchCreativeWork
3961,PlayMusic
3962,AddToPlaylist
3963,SearchScreeningEvent
3964,AddToPlaylist
3965,SearchScreeningEvent
3966,SearchScreeningEvent
3967,RateBook
3968,SearchCreativeWork
3969,GetWeather
3970,GetWeather
3971,PlayMusic
3972,GetWeather
3973,SearchCreativeWork
3974,BookRestaurant
3975,SearchCreativeWork
3976,SearchCreativeWork
3977,SearchScreeningEvent
3978,SearchCreativeWork
3979,PlayMusic
3980,SearchCreativeWork
3981,AddToPlaylist
3982,SearchScreeningEvent
3983,GetWeather
3984,GetWeather
3985,SearchCreativeWork
3986,PlayMusic
3987,RateBook
3988,SearchScreeningEvent
3989,PlayMusic
3990,AddToPlaylist
3991,SearchScreeningEvent
3992,GetWeather
3993,PlayMusic
3994,PlayMusic
3995,SearchCreativeWork
3996,SearchCreativeWork
3997,GetWeather
3998,BookRestaurant
3999,RateBook
4000,BookRestaurant
4001,SearchScreeningEvent
4002,GetWeather
4003,SearchCreativeWork
4004,PlayMusic
4005,AddToPlaylist
4006,GetWeather
4007,SearchScreeningEvent
4008,PlayMusic
4009,SearchScreeningEvent
4010,SearchScreeningEvent
4011,SearchScreeningEvent
4012,SearchCreativeWork
4013,BookRestaurant
4014,BookRestaurant
4015,BookRestaurant
4016,GetWeather
4017,BookRestaurant
4018,AddToPlaylist
4019,GetWeather
4020,RateBook
4021,BookRestaurant
4022,BookRestaurant
4023,SearchScreeningEvent
4024,GetWeather
4025,SearchCreativeWork
4026,GetWeather
4027,SearchCreativeWork
4028,SearchCreativeWork
4029,GetWeather
4030,BookRestaurant
4031,BookRestaurant
4032,SearchCreativeWork
4033,BookRestaurant
4034,GetWeather
4035,SearchCreativeWork
4036,SearchScreeningEvent
4037,PlayMusic
4038,GetWeather
4039,SearchCreativeWork
4040,AddToPlaylist
4041,RateBook
4042,GetWeather
4043,PlayMusic
4044,SearchScreeningEvent
4045,AddToPlaylist
4046,BookRestaurant
4047,PlayMusic
4048,SearchCreativeWork
4049,GetWeather
4050,RateBook
4051,RateBook
4052,AddToPlaylist
4053,SearchCreativeWork
4054,SearchScreeningEvent
4055,PlayMusic
4056,GetWeather
4057,PlayMusic
4058,SearchScreeningEvent
4059,BookRestaurant
4060,AddToPlaylist
4061,GetWeather
4062,RateBook
4063,RateBook
4064,RateBook
4065,RateBook
4066,PlayMusic
4067,AddToPlaylist
4068,AddToPlaylist
4069,RateBook
4070,PlayMusic
4071,PlayMusic
4072,SearchScreeningEvent
4073,BookRestaurant
4074,AddToPlaylist
4075,RateBook
4076,BookRestaurant
4077,PlayMusic
4078,GetWeather
4079,GetWeather
4080,PlayMusic
4081,BookRestaurant
4082,SearchScreeningEvent
4083,BookRestaurant
4084,SearchCreativeWork
4085,SearchCreativeWork
4086,SearchCreativeWork
4087,SearchCreativeWork
4088,AddToPlaylist
4089,PlayMusic
4090,AddToPlaylist
4091,SearchScreeningEvent
4092,BookRestaurant
4093,AddToPlaylist
4094,RateBook
4095,RateBook
4096,BookRestaurant
4097,PlayMusic
4098,GetWeather
4099,PlayMusic
4100,RateBook
4101,SearchCreativeWork
4102,BookRestaurant
4103,BookRestaurant
4104,AddToPlaylist
4105,AddToPlaylist
4106,SearchCreativeWork
4107,RateBook
4108,SearchScreeningEvent
4109,AddToPlaylist
4110,SearchCreativeWork
4111,SearchScreeningEvent
4112,SearchScreeningEvent
4113,AddToPlaylist
4114,BookRestaurant
4115,SearchScreeningEvent
4116,GetWeather
4117,PlayMusic
4118,AddToPlaylist
4119,SearchCreativeWork
4120,SearchScreeningEvent
4121,PlayMusic
4122,RateBook
4123,SearchCreativeWork
4124,PlayMusic
4125,RateBook
4126,RateBook
4127,PlayMusic
4128,PlayMusic
4129,GetWeather
4130,SearchScreeningEvent
4131,SearchCreativeWork
4132,SearchScreeningEvent
4133,SearchCreativeWork
4134,RateBook
4135,RateBook
4136,BookRestaurant
4137,SearchScreeningEvent
4138,SearchScreeningEvent
4139,SearchCreativeWork
4140,GetWeather
4141,BookRestaurant
4142,AddToPlaylist
4143,SearchScreeningEvent
4144,SearchCreativeWork
4145,RateBook
4146,SearchScreeningEvent
4147,RateBook
4148,SearchScreeningEvent
4149,PlayMusic
4150,GetWeather
4151,SearchScreeningEvent
4152,PlayMusic
4153,BookRestaurant
4154,GetWeather
4155,GetWeather
4156,RateBook
4157,BookRestaurant
4158,SearchScreeningEvent
4159,SearchScreeningEvent
4160,SearchCreativeWork
4161,RateBook
4162,SearchCreativeWork
4163,RateBook
4164,PlayMusic
4165,RateBook
4166,AddToPlaylist
4167,SearchScreeningEvent
4168,PlayMusic
4169,AddToPlaylist
4170,GetWeather
4171,RateBook
4172,SearchCreativeWork
4173,BookRestaurant
4174,SearchScreeningEvent
4175,AddToPlaylist
4176,GetWeather
4177,AddToPlaylist
4178,SearchCreativeWork
4179,SearchCreativeWork
4180,AddToPlaylist
4181,RateBook
4182,AddToPlaylist
4183,BookRestaurant
4184,AddToPlaylist
4185,SearchCreativeWork
4186,BookRestaurant
4187,PlayMusic
4188,SearchScreeningEvent
4189,GetWeather
4190,SearchScreeningEvent
4191,AddToPlaylist
4192,BookRestaurant
4193,SearchScreeningEvent
4194,SearchCreativeWork
4195,PlayMusic
4196,PlayMusic
4197,GetWeather
4198,SearchScreeningEvent
4199,RateBook
4200,BookRestaurant
4201,RateBook
4202,AddToPlaylist
4203,PlayMusic
4204,SearchScreeningEvent
4205,AddToPlaylist
4206,RateBook
4207,PlayMusic
4208,PlayMusic
4209,SearchCreativeWork
4210,SearchScreeningEvent
4211,SearchScreeningEvent
4212,AddToPlaylist
4213,SearchScreeningEvent
4214,BookRestaurant
4215,SearchScreeningEvent
4216,RateBook
4217,PlayMusic
4218,SearchCreativeWork
4219,SearchScreeningEvent
4220,SearchCreativeWork
4221,SearchCreativeWork
4222,BookRestaurant
4223,BookRestaurant
4224,SearchScreeningEvent
4225,PlayMusic
4226,PlayMusic
4227,RateBook
4228,GetWeather
4229,RateBook
4230,SearchCreativeWork
4231,SearchScreeningEvent
4232,BookRestaurant
4233,BookRestaurant
4234,SearchScreeningEvent
4235,SearchScreeningEvent
4236,SearchCreativeWork
4237,PlayMusic
4238,SearchCreativeWork
4239,SearchCreativeWork
4240,GetWeather
4241,AddToPlaylist
4242,AddToPlaylist
4243,PlayMusic
4244,GetWeather
4245,RateBook
4246,GetWeather
4247,SearchScreeningEvent
4248,BookRestaurant
4249,BookRestaurant
4250,PlayMusic
4251,BookRestaurant
4252,PlayMusic
4253,SearchScreeningEvent
4254,BookRestaurant
4255,GetWeather
4256,RateBook
4257,SearchScreeningEvent
4258,BookRestaurant
4259,GetWeather
4260,SearchCreativeWork
4261,BookRestaurant
4262,BookRestaurant
4263,SearchCreativeWork
4264,SearchCreativeWork
4265,SearchScreeningEvent
4266,PlayMusic
4267,GetWeather
4268,GetWeather
4269,BookRestaurant
4270,AddToPlaylist
4271,GetWeather
4272,GetWeather
4273,PlayMusic
4274,SearchCreativeWork
4275,GetWeather
4276,RateBook
4277,AddToPlaylist
4278,SearchScreeningEvent
4279,RateBook
4280,SearchScreeningEvent
4281,PlayMusic
4282,SearchCreativeWork
4283,BookRestaurant
4284,BookRestaurant
4285,PlayMusic
4286,GetWeather
4287,SearchCreativeWork
4288,SearchScreeningEvent
4289,RateBook
4290,GetWeather
4291,SearchScreeningEvent
4292,AddToPlaylist
4293,BookRestaurant
4294,BookRestaurant
4295,BookRestaurant
4296,BookRestaurant
4297,GetWeather
4298,BookRestaurant
4299,BookRestaurant
4300,RateBook
4301,SearchCreativeWork
4302,AddToPlaylist
4303,GetWeather
4304,GetWeather
4305,SearchScreeningEvent
4306,SearchCreativeWork
4307,SearchCreativeWork
4308,PlayMusic
4309,PlayMusic
4310,SearchScreeningEvent
4311,RateBook
4312,RateBook
4313,SearchScreeningEvent
4314,GetWeather
4315,GetWeather
4316,GetWeather
4317,GetWeather
4318,SearchCreativeWork
4319,SearchCreativeWork
4320,AddToPlaylist
4321,GetWeather
4322,SearchCreativeWork
4323,RateBook
4324,SearchScreeningEvent
4325,BookRestaurant
4326,AddToPlaylist
4327,RateBook
4328,RateBook
4329,BookRestaurant
4330,PlayMusic
4331,SearchScreeningEvent
4332,GetWeather
4333,SearchScreeningEvent
4334,RateBook
4335,RateBook
4336,SearchCreativeWork
4337,SearchScreeningEvent
4338,PlayMusic
4339,AddToPlaylist
4340,GetWeather
4341,BookRestaurant
4342,SearchScreeningEvent
4343,SearchScreeningEvent
4344,SearchScreeningEvent
4345,GetWeather
4346,SearchCreativeWork
4347,GetWeather
4348,SearchCreativeWork
4349,AddToPlaylist
4350,BookRestaurant
4351,PlayMusic
4352,SearchScreeningEvent
4353,GetWeather
4354,AddToPlaylist
4355,BookRestaurant
4356,PlayMusic
4357,RateBook
4358,AddToPlaylist
4359,PlayMusic
4360,PlayMusic
4361,AddToPlaylist
4362,SearchCreativeWork
4363,AddToPlaylist
4364,RateBook
4365,GetWeather
4366,PlayMusic
4367,BookRestaurant
4368,GetWeather
4369,AddToPlaylist
4370,SearchScreeningEvent
4371,SearchScreeningEvent
4372,SearchScreeningEvent
4373,BookRestaurant
4374,PlayMusic
4375,GetWeather
4376,SearchScreeningEvent
4377,SearchScreeningEvent
4378,PlayMusic
4379,AddToPlaylist
4380,AddToPlaylist
4381,AddToPlaylist
4382,RateBook
4383,SearchScreeningEvent
4384,GetWeather
4385,SearchScreeningEvent
4386,AddToPlaylist
4387,PlayMusic
4388,BookRestaurant
4389,AddToPlaylist
4390,PlayMusic
4391,RateBook
4392,GetWeather
4393,RateBook
4394,AddToPlaylist
4395,SearchScreeningEvent
4396,SearchScreeningEvent
4397,PlayMusic
4398,GetWeather
4399,PlayMusic
4400,SearchScreeningEvent
4401,AddToPlaylist
4402,SearchScreeningEvent
4403,AddToPlaylist
4404,GetWeather
4405,SearchScreeningEvent
4406,SearchCreativeWork
4407,SearchScreeningEvent
4408,SearchScreeningEvent
4409,GetWeather
4410,SearchCreativeWork
4411,PlayMusic
4412,RateBook
4413,AddToPlaylist
4414,GetWeather
4415,SearchScreeningEvent
4416,AddToPlaylist
4417,AddToPlaylist
4418,GetWeather
4419,SearchScreeningEvent
4420,SearchCreativeWork
4421,RateBook
4422,RateBook
4423,AddToPlaylist
4424,RateBook
4425,AddToPlaylist
4426,SearchCreativeWork
4427,AddToPlaylist
4428,PlayMusic
4429,SearchScreeningEvent
4430,GetWeather
4431,AddToPlaylist
4432,GetWeather
4433,RateBook
4434,SearchScreeningEvent
4435,SearchCreativeWork
4436,PlayMusic
4437,AddToPlaylist
4438,SearchScreeningEvent
4439,PlayMusic
4440,RateBook
4441,SearchCreativeWork
4442,GetWeather
4443,RateBook
4444,SearchScreeningEvent
4445,BookRestaurant
4446,SearchScreeningEvent
4447,BookRestaurant
4448,RateBook
4449,BookRestaurant
4450,SearchCreativeWork
4451,GetWeather
4452,SearchScreeningEvent
4453,AddToPlaylist
4454,SearchScreeningEvent
4455,GetWeather
4456,SearchScreeningEvent
4457,AddToPlaylist
4458,PlayMusic
4459,GetWeather
4460,BookRestaurant
4461,SearchScreeningEvent
4462,GetWeather
4463,AddToPlaylist
4464,BookRestaurant
4465,SearchCreativeWork
4466,BookRestaurant
4467,PlayMusic
4468,GetWeather
4469,RateBook
4470,BookRestaurant
4471,RateBook
4472,RateBook
4473,PlayMusic
4474,SearchCreativeWork
4475,RateBook
4476,GetWeather
4477,AddToPlaylist
4478,RateBook
4479,BookRestaurant
4480,BookRestaurant
4481,RateBook
4482,PlayMusic
4483,SearchCreativeWork
4484,GetWeather
4485,GetWeather
4486,RateBook
4487,SearchCreativeWork
4488,BookRestaurant
4489,PlayMusic
4490,GetWeather
4491,SearchScreeningEvent
4492,SearchScreeningEvent
4493,BookRestaurant
4494,SearchCreativeWork
4495,PlayMusic
4496,BookRestaurant
4497,SearchScreeningEvent
4498,PlayMusic
4499,PlayMusic
4500,PlayMusic
4501,RateBook
4502,AddToPlaylist
4503,RateBook
4504,AddToPlaylist
4505,SearchScreeningEvent
4506,RateBook
4507,BookRestaurant
4508,AddToPlaylist
4509,RateBook
4510,BookRestaurant
4511,AddToPlaylist
4512,SearchScreeningEvent
4513,SearchScreeningEvent
4514,RateBook
4515,AddToPlaylist
4516,RateBook
4517,RateBook
4518,RateBook
4519,BookRestaurant
4520,PlayMusic
4521,SearchScreeningEvent
4522,GetWeather
4523,GetWeather
4524,AddToPlaylist
4525,RateBook
4526,RateBook
4527,BookRestaurant
4528,RateBook
4529,SearchCreativeWork
4530,BookRestaurant
4531,SearchScreeningEvent
4532,BookRestaurant
4533,RateBook
4534,PlayMusic
4535,SearchScreeningEvent
4536,PlayMusic
4537,SearchScreeningEvent
4538,PlayMusic
4539,SearchCreativeWork
4540,GetWeather
4541,RateBook
4542,PlayMusic
4543,GetWeather
4544,GetWeather
4545,BookRestaurant
4546,PlayMusic
4547,BookRestaurant
4548,PlayMusic
4549,BookRestaurant
4550,SearchCreativeWork
4551,BookRestaurant
4552,GetWeather
4553,SearchScreeningEvent
4554,RateBook
4555,PlayMusic
4556,RateBook
4557,RateBook
4558,RateBook
4559,GetWeather
4560,RateBook
4561,SearchScreeningEvent
4562,BookRestaurant
4563,SearchCreativeWork
4564,AddToPlaylist
4565,SearchScreeningEvent
4566,PlayMusic
4567,RateBook
4568,SearchScreeningEvent
4569,RateBook
4570,PlayMusic
4571,SearchScreeningEvent
4572,RateBook
4573,GetWeather
4574,SearchScreeningEvent
4575,BookRestaurant
4576,SearchCreativeWork
4577,PlayMusic
4578,PlayMusic
4579,RateBook
4580,RateBook
4581,GetWeather
4582,RateBook
4583,SearchScreeningEvent
4584,AddToPlaylist
4585,GetWeather
4586,BookRestaurant
4587,SearchScreeningEvent
4588,SearchScreeningEvent
4589,SearchScreeningEvent
4590,SearchScreeningEvent
4591,SearchScreeningEvent
4592,BookRestaurant
4593,SearchScreeningEvent
4594,GetWeather
4595,RateBook
4596,RateBook
4597,AddToPlaylist
4598,PlayMusic
4599,BookRestaurant
4600,AddToPlaylist
4601,SearchScreeningEvent
4602,PlayMusic
4603,PlayMusic
4604,SearchScreeningEvent
4605,SearchScreeningEvent
4606,SearchScreeningEvent
4607,AddToPlaylist
4608,SearchCreativeWork
4609,SearchCreativeWork
4610,SearchCreativeWork
4611,RateBook
4612,SearchScreeningEvent
4613,RateBook
4614,GetWeather
4615,RateBook
4616,BookRestaurant
4617,RateBook
4618,RateBook
4619,BookRestaurant
4620,AddToPlaylist
4621,AddToPlaylist
4622,SearchScreeningEvent
4623,RateBook
4624,SearchScreeningEvent
4625,GetWeather
4626,AddToPlaylist
4627,BookRestaurant
4628,PlayMusic
4629,GetWeather
4630,RateBook
4631,AddToPlaylist
4632,BookRestaurant
4633,PlayMusic
4634,RateBook
4635,PlayMusic
4636,RateBook
4637,AddToPlaylist
4638,BookRestaurant
4639,AddToPlaylist
4640,SearchScreeningEvent
4641,BookRestaurant
4642,AddToPlaylist
4643,BookRestaurant
4644,AddToPlaylist
4645,SearchScreeningEvent
4646,SearchCreativeWork
4647,PlayMusic
4648,PlayMusic
4649,BookRestaurant
4650,SearchScreeningEvent
4651,SearchScreeningEvent
4652,GetWeather
4653,SearchScreeningEvent
4654,RateBook
4655,RateBook
4656,BookRestaurant
4657,SearchCreativeWork
4658,BookRestaurant
4659,GetWeather
4660,GetWeather
4661,GetWeather
4662,AddToPlaylist
4663,PlayMusic
4664,SearchCreativeWork
4665,SearchCreativeWork
4666,GetWeather
4667,PlayMusic
4668,SearchCreativeWork
4669,PlayMusic
4670,SearchScreeningEvent
4671,AddToPlaylist
4672,GetWeather
4673,RateBook
4674,RateBook
4675,SearchScreeningEvent
4676,PlayMusic
4677,PlayMusic
4678,PlayMusic
4679,GetWeather
4680,SearchCreativeWork
4681,BookRestaurant
4682,BookRestaurant
4683,BookRestaurant
4684,SearchScreeningEvent
4685,GetWeather
4686,GetWeather
4687,BookRestaurant
4688,PlayMusic
4689,BookRestaurant
4690,PlayMusic
4691,AddToPlaylist
4692,BookRestaurant
4693,BookRestaurant
4694,GetWeather
4695,RateBook
4696,GetWeather
4697,PlayMusic
4698,SearchCreativeWork
4699,AddToPlaylist
4700,BookRestaurant
4701,GetWeather
4702,RateBook
4703,SearchCreativeWork
4704,SearchCreativeWork
4705,SearchScreeningEvent
4706,RateBook
4707,GetWeather
4708,SearchScreeningEvent
4709,SearchCreativeWork
4710,PlayMusic
4711,GetWeather
4712,SearchCreativeWork
4713,BookRestaurant
4714,SearchScreeningEvent
4715,BookRestaurant
4716,RateBook
4717,SearchScreeningEvent
4718,BookRestaurant
4719,PlayMusic
4720,GetWeather
4721,RateBook
4722,RateBook
4723,PlayMusic
4724,SearchCreativeWork
4725,AddToPlaylist
4726,GetWeather
4727,RateBook
4728,AddToPlaylist
4729,SearchScreeningEvent
4730,PlayMusic
4731,PlayMusic
4732,GetWeather
4733,RateBook
4734,RateBook
4735,SearchScreeningEvent
4736,SearchScreeningEvent
4737,RateBook
4738,RateBook
4739,SearchCreativeWork
4740,SearchCreativeWork
4741,RateBook
4742,RateBook
4743,SearchScreeningEvent
4744,SearchScreeningEvent
4745,PlayMusic
4746,GetWeather
4747,RateBook
4748,GetWeather
4749,SearchCreativeWork
4750,AddToPlaylist
4751,BookRestaurant
4752,RateBook
4753,SearchCreativeWork
4754,GetWeather
4755,GetWeather
4756,RateBook
4757,AddToPlaylist
4758,SearchCreativeWork
4759,RateBook
4760,GetWeather
4761,AddToPlaylist
4762,BookRestaurant
4763,SearchScreeningEvent
4764,BookRestaurant
4765,SearchScreeningEvent
4766,SearchCreativeWork
4767,BookRestaurant
4768,BookRestaurant
4769,PlayMusic
4770,SearchCreativeWork
4771,RateBook
4772,SearchCreativeWork
4773,PlayMusic
4774,SearchScreeningEvent
4775,SearchScreeningEvent
4776,GetWeather
4777,AddToPlaylist
4778,SearchScreeningEvent
4779,PlayMusic
4780,BookRestaurant
4781,AddToPlaylist
4782,AddToPlaylist
4783,RateBook
4784,SearchCreativeWork
4785,GetWeather
4786,SearchScreeningEvent
4787,GetWeather
4788,AddToPlaylist
4789,SearchCreativeWork
4790,SearchScreeningEvent
4791,SearchScreeningEvent
4792,PlayMusic
4793,PlayMusic
4794,SearchScreeningEvent
4795,RateBook
4796,PlayMusic
4797,SearchCreativeWork
4798,SearchScreeningEvent
4799,SearchScreeningEvent
4800,GetWeather
4801,AddToPlaylist
4802,PlayMusic
4803,PlayMusic
4804,PlayMusic
4805,GetWeather
4806,PlayMusic
4807,BookRestaurant
4808,SearchCreativeWork
4809,RateBook
4810,SearchScreeningEvent
4811,GetWeather
4812,SearchCreativeWork
4813,AddToPlaylist
4814,BookRestaurant
4815,GetWeather
4816,BookRestaurant
4817,PlayMusic
4818,SearchScreeningEvent
4819,RateBook
4820,PlayMusic
4821,PlayMusic
4822,BookRestaurant
4823,SearchScreeningEvent
4824,SearchCreativeWork
4825,BookRestaurant
4826,PlayMusic
4827,RateBook
4828,PlayMusic
4829,BookRestaurant
4830,SearchCreativeWork
4831,PlayMusic
4832,SearchScreeningEvent
4833,RateBook
4834,BookRestaurant
4835,GetWeather
4836,BookRestaurant
4837,AddToPlaylist
4838,SearchScreeningEvent
4839,GetWeather
4840,RateBook
4841,PlayMusic
4842,SearchScreeningEvent
4843,RateBook
4844,GetWeather
4845,AddToPlaylist
4846,SearchScreeningEvent
4847,RateBook
4848,GetWeather
4849,BookRestaurant
4850,SearchScreeningEvent
4851,RateBook
4852,SearchScreeningEvent
4853,GetWeather
4854,SearchCreativeWork
4855,RateBook
4856,GetWeather
4857,GetWeather
4858,PlayMusic
4859,BookRestaurant
4860,SearchScreeningEvent
4861,SearchScreeningEvent
4862,BookRestaurant
4863,RateBook
4864,PlayMusic
4865,PlayMusic
4866,AddToPlaylist
4867,BookRestaurant
4868,GetWeather
4869,AddToPlaylist
4870,SearchScreeningEvent
4871,GetWeather
4872,SearchScreeningEvent
4873,AddToPlaylist
4874,GetWeather
4875,SearchScreeningEvent
4876,AddToPlaylist
4877,GetWeather
4878,RateBook
4879,BookRestaurant
4880,SearchScreeningEvent
4881,BookRestaurant
4882,SearchCreativeWork
4883,BookRestaurant
4884,AddToPlaylist
4885,SearchCreativeWork
4886,PlayMusic
4887,BookRestaurant
4888,AddToPlaylist
4889,GetWeather
4890,SearchScreeningEvent
4891,AddToPlaylist
4892,AddToPlaylist
4893,BookRestaurant
4894,RateBook
4895,SearchScreeningEvent
4896,PlayMusic
4897,PlayMusic
4898,SearchScreeningEvent
4899,GetWeather
4900,AddToPlaylist
4901,SearchScreeningEvent
4902,SearchCreativeWork
4903,RateBook
4904,PlayMusic
4905,AddToPlaylist
4906,SearchCreativeWork
4907,RateBook
4908,SearchScreeningEvent
4909,SearchScreeningEvent
4910,RateBook
4911,BookRestaurant
4912,AddToPlaylist
4913,PlayMusic
4914,SearchScreeningEvent
4915,RateBook
4916,RateBook
4917,AddToPlaylist
4918,PlayMusic
4919,GetWeather
4920,SearchScreeningEvent
4921,AddToPlaylist
4922,AddToPlaylist
4923,SearchCreativeWork
4924,SearchScreeningEvent
4925,RateBook
4926,GetWeather
4927,PlayMusic
4928,PlayMusic
4929,RateBook
4930,GetWeather
4931,GetWeather
4932,GetWeather
4933,SearchScreeningEvent
4934,SearchScreeningEvent
4935,GetWeather
4936,SearchScreeningEvent
4937,GetWeather
4938,GetWeather
4939,PlayMusic
4940,RateBook
4941,SearchCreativeWork
4942,SearchScreeningEvent
4943,AddToPlaylist
4944,GetWeather
4945,GetWeather
4946,RateBook
4947,SearchCreativeWork
4948,SearchScreeningEvent
4949,SearchCreativeWork
4950,SearchScreeningEvent
4951,AddToPlaylist
4952,AddToPlaylist
4953,PlayMusic
4954,BookRestaurant
4955,GetWeather
4956,RateBook
4957,PlayMusic
4958,RateBook
4959,PlayMusic
4960,RateBook
4961,AddToPlaylist
4962,AddToPlaylist
4963,PlayMusic
4964,GetWeather
4965,AddToPlaylist
4966,GetWeather
4967,SearchScreeningEvent
4968,RateBook
4969,PlayMusic
4970,RateBook
4971,BookRestaurant
4972,SearchScreeningEvent
4973,PlayMusic
4974,PlayMusic
4975,RateBook
4976,GetWeather
4977,GetWeather
4978,BookRestaurant
4979,BookRestaurant
4980,SearchScreeningEvent
4981,PlayMusic
4982,SearchCreativeWork
4983,GetWeather
4984,SearchCreativeWork
4985,BookRestaurant
4986,SearchScreeningEvent
4987,RateBook
4988,PlayMusic
4989,AddToPlaylist
4990,BookRestaurant
4991,GetWeather
4992,SearchScreeningEvent
4993,BookRestaurant
4994,SearchScreeningEvent
4995,PlayMusic
4996,BookRestaurant
4997,GetWeather
4998,RateBook
4999,SearchCreativeWork
5000,PlayMusic
5001,RateBook
5002,BookRestaurant
5003,SearchCreativeWork
5004,RateBook
5005,SearchCreativeWork
5006,SearchScreeningEvent
5007,GetWeather
5008,PlayMusic
5009,SearchCreativeWork
5010,AddToPlaylist
5011,BookRestaurant
5012,SearchScreeningEvent
5013,SearchScreeningEvent
5014,SearchScreeningEvent
5015,RateBook
5016,SearchCreativeWork
5017,GetWeather
5018,GetWeather
5019,PlayMusic
5020,AddToPlaylist
5021,RateBook
5022,PlayMusic
5023,GetWeather
5024,RateBook
5025,BookRestaurant
5026,GetWeather
5027,SearchCreativeWork
5028,PlayMusic
5029,SearchCreativeWork
5030,BookRestaurant
5031,AddToPlaylist
5032,BookRestaurant
5033,GetWeather
5034,PlayMusic
5035,PlayMusic
5036,GetWeather
5037,PlayMusic
5038,SearchCreativeWork
5039,PlayMusic
5040,SearchScreeningEvent
5041,AddToPlaylist
5042,AddToPlaylist
5043,SearchCreativeWork
5044,SearchScreeningEvent
5045,BookRestaurant
5046,PlayMusic
5047,BookRestaurant
5048,PlayMusic
5049,GetWeather
5050,GetWeather
5051,SearchCreativeWork
5052,AddToPlaylist
5053,SearchScreeningEvent
5054,GetWeather
5055,BookRestaurant
5056,BookRestaurant
5057,BookRestaurant
5058,SearchScreeningEvent
5059,SearchScreeningEvent
5060,GetWeather
5061,SearchScreeningEvent
5062,SearchCreativeWork
5063,AddToPlaylist
5064,RateBook
5065,SearchScreeningEvent
5066,AddToPlaylist
5067,BookRestaurant
5068,RateBook
5069,PlayMusic
5070,PlayMusic
5071,PlayMusic
5072,SearchScreeningEvent
5073,PlayMusic
5074,BookRestaurant
5075,BookRestaurant
5076,BookRestaurant
5077,GetWeather
5078,PlayMusic
5079,AddToPlaylist
5080,AddToPlaylist
5081,PlayMusic
5082,GetWeather
5083,BookRestaurant
5084,BookRestaurant
5085,RateBook
5086,BookRestaurant
5087,BookRestaurant
5088,SearchCreativeWork
5089,SearchScreeningEvent
5090,AddToPlaylist
5091,RateBook
5092,RateBook
5093,PlayMusic
5094,GetWeather
5095,SearchCreativeWork
5096,GetWeather
5097,PlayMusic
5098,SearchScreeningEvent
5099,SearchCreativeWork
5100,SearchCreativeWork
5101,AddToPlaylist
5102,BookRestaurant
5103,GetWeather
5104,SearchCreativeWork
5105,BookRestaurant
5106,SearchScreeningEvent
5107,BookRestaurant
5108,GetWeather
5109,BookRestaurant
5110,RateBook
5111,SearchScreeningEvent
5112,RateBook
5113,GetWeather
5114,BookRestaurant
5115,RateBook
5116,PlayMusic
5117,PlayMusic
5118,SearchScreeningEvent
5119,SearchCreativeWork
5120,PlayMusic
5121,AddToPlaylist
5122,BookRestaurant
5123,RateBook
5124,PlayMusic
5125,BookRestaurant
5126,RateBook
5127,AddToPlaylist
5128,AddToPlaylist
5129,PlayMusic
5130,BookRestaurant
5131,SearchCreativeWork
5132,SearchCreativeWork
5133,PlayMusic
5134,BookRestaurant
5135,BookRestaurant
5136,PlayMusic
5137,PlayMusic
5138,RateBook
5139,GetWeather
5140,GetWeather
5141,AddToPlaylist
5142,SearchScreeningEvent
5143,BookRestaurant
5144,SearchCreativeWork
5145,BookRestaurant
5146,PlayMusic
5147,GetWeather
5148,BookRestaurant
5149,PlayMusic
5150,RateBook
5151,PlayMusic
5152,BookRestaurant
5153,GetWeather
5154,SearchScreeningEvent
5155,SearchCreativeWork
5156,RateBook
5157,SearchScreeningEvent
5158,GetWeather
5159,AddToPlaylist
5160,AddToPlaylist
5161,PlayMusic
5162,SearchScreeningEvent
5163,RateBook
5164,RateBook
5165,BookRestaurant
5166,AddToPlaylist
5167,RateBook
5168,PlayMusic
5169,SearchCreativeWork
5170,SearchCreativeWork
5171,GetWeather
5172,SearchCreativeWork
5173,AddToPlaylist
5174,RateBook
5175,AddToPlaylist
5176,BookRestaurant
5177,SearchCreativeWork
5178,PlayMusic
5179,PlayMusic
5180,BookRestaurant
5181,SearchScreeningEvent
5182,AddToPlaylist
5183,RateBook
5184,GetWeather
5185,SearchScreeningEvent
5186,AddToPlaylist
5187,AddToPlaylist
5188,RateBook
5189,GetWeather
5190,PlayMusic
5191,RateBook
5192,AddToPlaylist
5193,AddToPlaylist
5194,SearchCreativeWork
5195,GetWeather
5196,RateBook
5197,SearchScreeningEvent
5198,GetWeather
5199,GetWeather
5200,RateBook
5201,PlayMusic
5202,RateBook
5203,AddToPlaylist
5204,PlayMusic
5205,SearchCreativeWork
5206,GetWeather
5207,RateBook
5208,BookRestaurant
5209,BookRestaurant
5210,BookRestaurant
5211,AddToPlaylist
5212,AddToPlaylist
5213,SearchCreativeWork
5214,SearchCreativeWork
5215,AddToPlaylist
5216,SearchCreativeWork
5217,PlayMusic
5218,SearchScreeningEvent
5219,RateBook
5220,PlayMusic
5221,SearchCreativeWork
5222,GetWeather
5223,SearchCreativeWork
5224,SearchScreeningEvent
5225,SearchCreativeWork
5226,RateBook
5227,RateBook
5228,GetWeather
5229,SearchCreativeWork
5230,SearchCreativeWork
5231,BookRestaurant
5232,BookRestaurant
5233,GetWeather
